country,1960,1961,1962,1963,1964,1965,1966,1967,1968,1969,1970,1971,1972,1973,1974,1975,1976,1977,1978,1979,1980,1981,1982,1983,1984,1985,1986,1987,1988,1989,1990,1991,1992,1993,1994,1995,1996,1997,1998,1999,2000,2001,2002,2003,2004,2005,2006,2007,2008,2009,2010,2011,2012,2013,2014,2015,2016,2017,2018,2019,2020,2021,2022
Aruba,27.8k,28.4k,28.8k,29.2k,29.6k,29.9k,30.1k,30.3k,30.2k,30.2k,30.1k,29.9k,30k,30.2k,30.6k,31k,31.2k,31.4k,31.6k,31.7k,31.9k,32.1k,32.4k,32.7k,32.9k,33k,33k,32.9k,32.8k,32.9k,33.5k,34.7k,35.9k,37.1k,38.4k,39.7k,41k,42.3k,43.7k,45k,46.3k,47.2k,47.8k,48.4k,48.9k,49.4k,50k,50.6k,51.3k,51.9k,52.5k,53k,53.5k,54k,54.4k,54.8k,55.2k,55.6k,55.9k,56.3k,56.4k,56.3k,56.3k
Afghanistan,4.15M,4.23M,4.33M,4.42M,4.53M,4.63M,4.75M,4.86M,4.98M,5.11M,5.24M,5.37M,5.51M,5.66M,5.8M,5.95M,6.08M,6.21M,6.34M,6.37M,6.14M,5.49M,4.97M,4.92M,5.07M,5.23M,5.21M,5.15M,5.19M,5.33M,5.35M,5.37M,6.03M,7M,7.72M,8.2M,8.54M,8.87M,9.22M,9.6M,9.73M,9.79M,10.4M,11.2M,11.7M,12.1M,12.6M,12.8M,13.1M,13.6M,13.9M,14.5M,15.1M,15.6M,16.2M,16.7M,17.1M,17.6M,18.1M,18.7M,19.3M,19.8M,20.4M
Angola,2.67M,2.7M,2.74M,2.78M,2.81M,2.84M,2.86M,2.87M,2.88M,2.9M,2.95M,3.03M,3.13M,3.24M,3.36M,3.48M,3.61M,3.74M,3.87M,4.01M,4.16M,4.32M,4.49M,4.66M,4.83M,5.02M,5.21M,5.4M,5.59M,5.79M,5.99M,6.2M,6.41M,6.62M,6.85M,7.08M,7.32M,7.56M,7.81M,8.07M,8.34M,8.62M,8.91M,9.22M,9.55M,9.89M,10.2M,10.6M,11M,11.4M,11.9M,12.3M,12.8M,13.3M,13.7M,14.2M,14.8M,15.3M,15.8M,16.4M,16.9M,17.5M,18M
Albania,785k,809k,834k,858k,882k,906k,929k,953k,980k,1.01M,1.03M,1.06M,1.08M,1.11M,1.13M,1.16M,1.18M,1.21M,1.23M,1.26M,1.29M,1.31M,1.34M,1.37M,1.4M,1.44M,1.47M,1.5M,1.53M,1.58M,1.61M,1.61M,1.61M,1.6M,1.6M,1.59M,1.59M,1.58M,1.57M,1.57M,1.56M,1.54M,1.54M,1.53M,1.52M,1.51M,1.5M,1.49M,1.47M,1.46M,1.45M,1.45M,1.45M,1.44M,1.44M,1.44M,1.43M,1.43M,1.43M,1.43M,1.42M,1.41M,1.39M
Andorra,4670,5030,5400,5780,6180,6580,7030,7560,8160,8770,9400,10.1k,10.7k,11.4k,12.2k,12.9k,13.7k,14.4k,15.2k,15.9k,16.6k,17.2k,18k,18.9k,19.7k,20.6k,21.4k,22.4k,23.3k,24.3k,25.2k,26.1k,27k,27.9k,28.9k,29.8k,30.5k,30.8k,31.2k,31.5k,31.8k,32.7k,34.1k,35.5k,36.9k,38.1k,38.4k,37.6k,36.9k,36.1k,35.2k,34.9k,35.1k,35.3k,35.5k,35.6k,35.9k,36.5k,36.9k,37.5k,38.1k,38.7k,39k
UAE,52.3k,54.9k,57.5k,60.3k,63.2k,66.1k,69.2k,72.3k,78k,87k,97.5k,109k,121k,133k,147k,160k,180k,206k,235k,267k,300k,332k,364k,396k,429k,462k,495k,528k,562k,595k,629k,662k,695k,728k,761k,792k,833k,883k,934k,986k,1.04M,1.09M,1.14M,1.2M,1.25M,1.33M,1.47M,1.69M,1.94M,2.17M,2.31M,2.36M,2.42M,2.48M,2.53M,2.58M,2.63M,2.68M,2.72M,2.77M,2.81M,2.85M,2.89M
Argentina,10.2M,10.3M,10.5M,10.7M,10.9M,11.1M,11.2M,11.4M,11.6M,11.8M,12M,12.2M,12.4M,12.6M,12.9M,13.1M,13.3M,13.5M,13.8M,14M,14.2M,14.5M,14.7M,14.9M,15.2M,15.4M,15.6M,15.9M,16.1M,16.3M,16.6M,16.8M,17M,17.3M,17.5M,17.7M,17.9M,18.2M,18.4M,18.6M,18.8M,19M,19.2M,19.4M,19.6M,19.8M,20M,20.2M,20.4M,20.6M,20.6M,20.9M,21.1M,21.3M,21.6M,21.8M,22M,22.2M,22.5M,22.7M,22.9M,23.1M,23.3M
Armenia,980k,1.01M,1.05M,1.08M,1.11M,1.15M,1.18M,1.21M,1.24M,1.27M,1.3M,1.33M,1.36M,1.39M,1.43M,1.46M,1.5M,1.54M,1.57M,1.6M,1.62M,1.64M,1.66M,1.68M,1.69M,1.71M,1.72M,1.74M,1.74M,1.78M,1.84M,1.87M,1.85M,1.8M,1.76M,1.74M,1.73M,1.72M,1.71M,1.69M,1.67M,1.66M,1.64M,1.64M,1.63M,1.62M,1.62M,1.61M,1.6M,1.59M,1.59M,1.58M,1.58M,1.57M,1.57M,1.57M,1.56M,1.56M,1.55M,1.55M,1.54M,1.53M,1.53M
American Samoa,9770,10k,10.4k,10.7k,11.1k,11.4k,11.8k,12.2k,12.5k,12.9k,13.3k,13.5k,13.7k,14k,14.2k,14.5k,14.8k,15.1k,15.4k,15.7k,16.1k,16.7k,17.3k,17.9k,18.6k,19.3k,20.1k,20.9k,21.7k,22.5k,23.3k,23.9k,24.4k,25k,25.5k,26.1k,26.7k,27.2k,27.7k,28.2k,28.6k,28.6k,28.6k,28.5k,28.4k,28.2k,28k,27.8k,27.6k,27.4k,27.2k,27k,26.7k,26.4k,26k,25.6k,25.2k,24.8k,24.3k,23.8k,23.3k,22.7k,22.4k
Antigua and Barbuda,29k,29.4k,29.8k,30.2k,30.7k,31.2k,31.8k,32.4k,32.9k,33.6k,34k,34.1k,34.1k,34.1k,34k,33.9k,33.9k,34k,34.1k,34.3k,34.5k,34.6k,34.7k,34.8k,34.7k,34.4k,34.1k,33.8k,33.4k,33.1k,32.8k,32.9k,33.5k,34.2k,35k,35.8k,36.6k,37.5k,38.3k,39k,39.7k,40.4k,40.9k,41.3k,41.8k,42.2k,42.7k,43.3k,43.9k,44.5k,45.1k,45.6k,46k,46.4k,46.7k,47.1k,47.4k,47.7k,47.9k,48.2k,48.4k,48.7k,49k
Australia,5.08M,5.19M,5.32M,5.43M,5.54M,5.65M,5.79M,5.86M,5.97M,6.09M,6.22M,6.44M,6.56M,6.66M,6.84M,6.93M,7M,7.09M,7.18M,7.26M,7.36M,7.47M,7.6M,7.71M,7.8M,7.9M,8.02M,8.14M,8.28M,8.43M,8.56M,8.67M,8.77M,8.85M,8.94M,9.05M,9.16M,9.27M,9.37M,9.47M,9.59M,9.71M,9.82M,9.93M,10M,10.2M,10.3M,10.5M,10.7M,10.9M,11.1M,11.2M,11.4M,11.6M,11.8M,12M,12.2M,12.4M,12.6M,12.8M,12.9M,12.9M,13.1M
Austria,3.76M,3.78M,3.8M,3.83M,3.85M,3.87M,3.89M,3.91M,3.93M,3.94M,3.95M,3.96M,3.98M,4M,4.01M,4M,3.99M,3.99M,3.99M,3.98M,3.98M,3.99M,3.99M,3.98M,3.98M,3.97M,3.97M,3.97M,3.97M,3.98M,4M,4.03M,4.07M,4.1M,4.11M,4.11M,4.12M,4.12M,4.12M,4.13M,4.14M,4.15M,4.16M,4.18M,4.2M,4.23M,4.25M,4.26M,4.27M,4.28M,4.29M,4.3M,4.32M,4.34M,4.37M,4.41M,4.44M,4.47M,4.49M,4.51M,4.53M,4.55M,4.59M
Azerbaijan,2.05M,2.12M,2.18M,2.24M,2.31M,2.38M,2.45M,2.51M,2.57M,2.62M,2.68M,2.73M,2.79M,2.84M,2.89M,2.93M,2.98M,3.04M,3.09M,3.15M,3.19M,3.25M,3.3M,3.35M,3.41M,3.46M,3.51M,3.57M,3.62M,3.67M,3.71M,3.76M,3.82M,3.87M,3.93M,3.98M,4.02M,4.07M,4.11M,4.15M,4.18M,4.21M,4.23M,4.26M,4.29M,4.32M,4.36M,4.4M,4.48M,4.57M,4.62M,4.67M,4.73M,4.79M,4.84M,4.9M,4.95M,5M,5.04M,5.08M,5.11M,5.13M,5.15M
Burundi,1.42M,1.45M,1.49M,1.52M,1.56M,1.6M,1.64M,1.68M,1.72M,1.76M,1.79M,1.83M,1.83M,1.83M,1.88M,1.92M,1.96M,2.01M,2.07M,2.11M,2.2M,2.29M,2.35M,2.41M,2.46M,2.52M,2.56M,2.62M,2.68M,2.73M,2.79M,2.84M,2.92M,2.82M,2.84M,3.01M,3.01M,3.01M,3.07M,3.14M,3.2M,3.28M,3.37M,3.48M,3.61M,3.74M,3.88M,4.02M,4.19M,4.4M,4.61M,4.77M,4.94M,5.12M,5.29M,5.41M,5.5M,5.62M,5.79M,5.98M,6.15M,6.32M,6.49M
Belgium,4.67M,4.68M,4.7M,4.74M,4.79M,4.83M,4.86M,4.89M,4.91M,4.93M,4.93M,4.94M,4.96M,4.98M,4.99M,5.01M,5.02M,5.03M,5.03M,5.04M,5.04M,5.04M,5.04M,5.04M,5.04M,5.04M,5.04M,5.05M,5.06M,5.08M,5.1M,5.11M,5.13M,5.15M,5.17M,5.18M,5.19M,5.2M,5.21M,5.23M,5.24M,5.26M,5.28M,5.3M,5.32M,5.35M,5.38M,5.42M,5.46M,5.51M,5.55M,5.62M,5.66M,5.68M,5.7M,5.73M,5.75M,5.77M,5.79M,5.82M,5.84M,5.87M,5.9M
Benin,1.32M,1.33M,1.35M,1.37M,1.4M,1.42M,1.45M,1.47M,1.5M,1.53M,1.56M,1.59M,1.62M,1.66M,1.69M,1.73M,1.77M,1.81M,1.86M,1.91M,1.96M,2.01M,2.07M,2.13M,2.19M,2.25M,2.32M,2.39M,2.46M,2.53M,2.61M,2.69M,2.77M,2.89M,3M,3.06M,3.14M,3.23M,3.33M,3.43M,3.53M,3.64M,3.74M,3.86M,3.97M,4.1M,4.23M,4.35M,4.47M,4.6M,4.74M,4.88M,5.02M,5.16M,5.31M,5.47M,5.63M,5.8M,5.97M,6.14M,6.31M,6.49M,6.66M
Burkina Faso,2.35M,2.39M,2.43M,2.47M,2.52M,2.57M,2.61M,2.66M,2.71M,2.77M,2.82M,2.88M,2.93M,2.99M,3.05M,3.11M,3.19M,3.26M,3.35M,3.43M,3.53M,3.63M,3.73M,3.83M,3.94M,4.06M,4.17M,4.29M,4.4M,4.52M,4.64M,4.76M,4.88M,5.01M,5.13M,5.27M,5.41M,5.55M,5.7M,5.86M,6.03M,6.21M,6.4M,6.59M,6.79M,7M,7.22M,7.43M,7.66M,7.88M,8.12M,8.36M,8.62M,8.88M,9.14M,9.41M,9.69M,9.97M,10.2M,10.5M,10.8M,11.1M,11.4M
Bangladesh,24.2M,25M,25.7M,26.5M,27.3M,28.2M,29M,29.9M,30.8M,31.7M,32.5M,33.1M,33.7M,34.5M,35.4M,36.3M,37.1M,38M,39M,39.9M,40.9M,42M,43.2M,44.4M,45.6M,46.8M,47.9M,49M,50.1M,51.2M,52.3M,53.3M,54.3M,55.3M,56.4M,57.5M,58.6M,59.7M,60.8M,62.1M,63.3M,64.6M,65.9M,67.2M,68.4M,69.6M,70.6M,71.5M,72.4M,73.2M,74.2M,75.2M,76.2M,77.2M,78.3M,79.3M,80.3M,81.4M,82.4M,83.4M,84.4M,85.4M,86.3M
Bulgaria,4M,4.03M,4.06M,4.09M,4.12M,4.15M,4.18M,4.2M,4.23M,4.27M,4.29M,4.32M,4.34M,4.36M,4.39M,4.41M,4.44M,4.46M,4.47M,4.48M,4.5M,4.51M,4.53M,4.55M,4.56M,4.56M,4.57M,4.58M,4.59M,4.54M,4.47M,4.43M,4.38M,4.36M,4.35M,4.33M,4.32M,4.3M,4.27M,4.25M,4.23M,4.15M,4.06M,4.03M,4M,3.97M,3.94M,3.9M,3.87M,3.85M,3.82M,3.79M,3.77M,3.75M,3.72M,3.7M,3.67M,3.65M,3.62M,3.59M,3.57M,3.54M,3.33M
Bahrain,71.2k,74k,76.7k,79.5k,82.5k,85.4k,88.4k,91.3k,94.2k,97.1k,100k,103k,107k,112k,117k,122k,127k,132k,138k,144k,149k,155k,160k,166k,172k,179k,186k,193k,200k,207k,215k,222k,230k,237k,245k,253k,261k,269k,277k,284k,292k,299k,306k,316k,334k,357k,379k,402k,426k,448k,460k,458k,460k,474k,500k,520k,533k,545k,555k,561k,557k,555k,560k
Bahamas,58.6k,61.2k,63.9k,66.7k,69.6k,72.6k,75.8k,79.2k,82.8k,86.5k,89.5k,92k,94.3k,96.5k,98.6k,101k,103k,105k,107k,109k,112k,114k,116k,119k,121k,124k,127k,129k,132k,135k,138k,140k,143k,147k,150k,153k,155k,158k,161k,164k,166k,169k,171k,174k,176k,179k,181k,184k,187k,190k,193k,195k,198k,200k,202k,204k,206k,208k,209k,211k,212k,213k,214k
Bosnia and Herzegovina,1.69M,1.72M,1.75M,1.78M,1.81M,1.84M,1.87M,1.89M,1.92M,1.94M,1.96M,1.98M,2M,2.02M,2.03M,2.05M,2.07M,2.08M,2.1M,2.11M,2.12M,2.14M,2.16M,2.18M,2.19M,2.21M,2.23M,2.24M,2.25M,2.26M,2.27M,2.27M,2.17M,2.01M,1.93M,1.93M,2.01M,2.08M,2.11M,2.13M,2.14M,2.15M,2.15M,2.14M,2.12M,2.1M,2.08M,2.05M,2.02M,1.99M,1.95M,1.92M,1.88M,1.85M,1.83M,1.8M,1.77M,1.75M,1.73M,1.71M,1.69M,1.66M,1.64M
Belarus,4.53M,4.56M,4.59M,4.62M,4.66M,4.69M,4.73M,4.77M,4.8M,4.84M,4.87M,4.91M,4.94M,4.97M,5M,5.02M,5.04M,5.07M,5.1M,5.13M,5.16M,5.2M,5.23M,5.27M,5.3M,5.33M,5.37M,5.4M,5.41M,5.42M,5.42M,5.42M,5.43M,5.45M,5.44M,5.43M,5.41M,5.39M,5.37M,5.35M,5.33M,5.31M,5.27M,5.24M,5.21M,5.17M,5.15M,5.12M,5.11M,5.1M,5.09M,5.08M,5.08M,5.08M,5.08M,5.09M,5.09M,5.09M,5.08M,5.07M,5.05M,5.01M,4.97M
Belize,46.1k,47.2k,48.4k,49.6k,51k,52.5k,54.1k,55.7k,57.4k,59k,60.2k,61.2k,62k,62.8k,63.5k,64.5k,65.7k,66.9k,68.2k,69.5k,71k,72.8k,74.6k,76.5k,78.4k,80.3k,82.2k,84.1k,86.1k,88.1k,90.2k,92.1k,93.9k,95.8k,97.9k,100k,104k,107k,111k,115k,119k,123k,127k,131k,135k,139k,144k,148k,153k,157k,161k,164k,168k,172k,175k,179k,183k,186k,190k,193k,196k,199k,202k
Bermuda,21.8k,22.3k,22.8k,23.4k,23.9k,24.5k,24.9k,25.4k,25.8k,26.3k,26.8k,26.7k,26.6k,26.5k,26.4k,26.2k,26.4k,26.6k,26.8k,27k,27.5k,27.7k,27.9k,28.2k,28.5k,28.7k,29k,29.2k,29.5k,29.8k,30.1k,29.9k,29.8k,30k,30.2k,30.5k,30.7k,30.9k,31.2k,31.4k,31.7k,32.1k,32.3k,32.5k,32.7k,32.9k,33.1k,33.3k,33.5k,33.7k,33.5k,33.2k,33.3k,33.4k,33.5k,33.5k,33.2k,32.9k,32.9k,33k,33k,33k,32.9k
Bolivia,1.88M,1.92M,1.96M,2M,2.04M,2.08M,2.13M,2.17M,2.22M,2.27M,2.32M,2.37M,2.42M,2.47M,2.53M,2.58M,2.64M,2.7M,2.76M,2.82M,2.88M,2.94M,3.01M,3.07M,3.13M,3.2M,3.27M,3.33M,3.4M,3.47M,3.55M,3.62M,3.69M,3.76M,3.83M,3.9M,3.97M,4.04M,4.11M,4.18M,4.25M,4.33M,4.41M,4.48M,4.56M,4.65M,4.73M,4.81M,4.9M,4.98M,5.07M,5.16M,5.25M,5.34M,5.42M,5.51M,5.6M,5.69M,5.77M,5.86M,5.94M,6.02M,6.1M
Brazil,36.4M,37.6M,38.7M,39.9M,41.1M,42.3M,43.5M,44.7M,45.9M,47M,48.2M,49.5M,50.7M,52M,53.2M,54.5M,55.8M,57.2M,58.5M,60M,61.4M,62.8M,64.3M,65.8M,67.2M,68.7M,70.2M,71.6M,73M,74.4M,75.8M,77.1M,78.4M,79.8M,81.1M,82.4M,83.7M,85M,86.2M,87.5M,88.7M,90M,91.2M,92.3M,93.4M,94.5M,95.6M,96.6M,97.6M,98.6M,99.5M,101M,101M,102M,103M,104M,105M,106M,107M,108M,108M,109M,110M
Barbados,123k,124k,124k,124k,124k,124k,124k,124k,124k,124k,125k,125k,125k,126k,126k,127k,128k,128k,129k,129k,130k,131k,131k,132k,133k,133k,133k,134k,134k,134k,134k,135k,135k,136k,136k,136k,137k,137k,137k,138k,138k,138k,139k,139k,140k,141k,141k,142k,143k,143k,144k,144k,144k,145k,145k,145k,145k,146k,146k,146k,146k,146k,147k
Brunei,40.1k,42k,43.9k,45.8k,47.8k,49.9k,52.1k,54.3k,56.6k,58.9k,61.3k,63.6k,66k,68.3k,70.7k,73.1k,75.6k,78k,80.6k,83.2k,85.9k,88.7k,91.8k,95.2k,98.7k,102k,106k,110k,114k,118k,122k,126k,129k,133k,137k,140k,144k,148k,151k,155k,158k,161k,165k,168k,172k,175k,178k,181k,184k,187k,190k,193k,195k,198k,200k,203k,205k,207k,209k,211k,213k,215k,217k
Bhutan,107k,110k,113k,116k,119k,123k,126k,130k,134k,139k,143k,148k,152k,157k,163k,168k,173k,179k,185k,191k,198k,204k,211k,217k,224k,231k,238k,246k,253k,260k,267k,272k,262k,250k,251k,254k,259k,264k,269k,275k,281k,287k,293k,299k,305k,310k,314k,318k,322k,326k,330k,334k,337k,341k,345k,348k,351k,354k,357k,360k,363k,366k,369k
Botswana,267k,274k,280k,287k,294k,300k,304k,308k,312k,317k,321k,328k,339k,354k,370k,387k,405k,424k,444k,465k,486k,507k,527k,547k,567k,588k,609k,631k,653k,675k,697k,718k,739k,759k,780k,800k,819k,837k,854k,872k,889k,906k,922k,937k,953k,969k,986k,1M,1.02M,1.04M,1.06M,1.08M,1.11M,1.13M,1.15M,1.17M,1.19M,1.22M,1.24M,1.27M,1.29M,1.31M,1.33M
Central African Republic,850k,865k,881k,898k,916k,935k,955k,975k,998k,1.02M,1.04M,1.07M,1.09M,1.11M,1.13M,1.15M,1.17M,1.18M,1.19M,1.2M,1.21M,1.22M,1.23M,1.24M,1.25M,1.26M,1.28M,1.29M,1.31M,1.34M,1.39M,1.43M,1.48M,1.53M,1.58M,1.62M,1.67M,1.72M,1.77M,1.82M,1.87M,1.91M,1.96M,2M,2.05M,2.1M,2.14M,2.18M,2.23M,2.27M,2.32M,2.36M,2.38M,2.39M,2.39M,2.41M,2.45M,2.5M,2.55M,2.6M,2.67M,2.73M,2.79M
Canada,8.85M,9.04M,9.22M,9.41M,9.6M,9.79M,9.98M,10.2M,10.3M,10.5M,10.6M,10.9M,11.1M,11.2M,11.4M,11.6M,11.7M,11.9M,12M,12.1M,12.3M,12.5M,12.6M,12.8M,12.9M,13M,13.1M,13.3M,13.5M,13.8M,14M,14.1M,14.3M,14.5M,14.6M,14.8M,15M,15.1M,15.2M,15.4M,15.5M,15.7M,15.8M,16M,16.1M,16.3M,16.4M,16.6M,16.8M,17M,17.2M,17.3M,17.5M,17.7M,17.9M,18M,18.2M,18.4M,18.7M,18.9M,19.1M,19.2M,19.6M
Channel Islands,56.6k,56.9k,57.4k,58k,58.6k,59.2k,59.9k,60.5k,61.2k,61.8k,62.3k,62.9k,63.6k,64.2k,64.8k,65.3k,65.6k,65.9k,66.1k,66.2k,66.4k,66.7k,67.2k,67.8k,68.4k,69.1k,69.7k,70.5k,71.3k,72k,72.7k,73.2k,73.5k,73.6k,73.7k,73.8k,73.9k,74.2k,74.5k,74.7k,74.9k,75.2k,75.7k,76.2k,76.7k,77.3k,77.8k,78.4k,79k,79.6k,80.1k,80.6k,80.9k,81.5k,82k,82.6k,83.3k,84k,84.9k,85.8k,86.5k,87.2k,87.9k
Switzerland,2.75M,2.8M,2.87M,2.93M,2.97M,3M,3.03M,3.07M,3.11M,3.14M,3.16M,3.18M,3.2M,3.23M,3.25M,3.25M,3.23M,3.22M,3.23M,3.23M,3.25M,3.26M,3.28M,3.29M,3.3M,3.32M,3.33M,3.35M,3.38M,3.4M,3.44M,3.48M,3.52M,3.55M,3.58M,3.6M,3.62M,3.63M,3.64M,3.65M,3.67M,3.7M,3.72M,3.75M,3.77M,3.79M,3.82M,3.85M,3.89M,3.93M,3.97M,4.01M,4.05M,4.09M,4.14M,4.18M,4.23M,4.26M,4.29M,4.32M,4.35M,4.38M,4.41M
Chile,4.05M,4.14M,4.23M,4.31M,4.4M,4.49M,4.57M,4.66M,4.74M,4.83M,4.91M,4.99M,5.08M,5.16M,5.25M,5.33M,5.41M,5.5M,5.58M,5.67M,5.75M,5.84M,5.93M,6.01M,6.1M,6.19M,6.29M,6.39M,6.49M,6.6M,6.71M,6.82M,6.93M,7.04M,7.14M,7.25M,7.35M,7.45M,7.54M,7.63M,7.72M,7.81M,7.9M,7.98M,8.07M,8.15M,8.23M,8.31M,8.39M,8.48M,8.57M,8.65M,8.74M,8.82M,8.91M,9M,9.11M,9.25M,9.42M,9.59M,9.72M,9.82M,9.87M
China,326M,323M,326M,334M,342M,350M,360M,370M,380M,390M,401M,413M,423M,433M,442M,450M,457M,463M,469M,476M,482M,488M,495M,502M,509M,516M,524M,532M,541M,549M,557M,564M,571M,577M,584M,590M,596M,602M,607M,612M,617M,621M,626M,629M,633M,637M,640M,643M,647M,650M,653M,657M,661M,665M,670M,674M,678M,682M,685M,688M,690M,691M,692M
Cote d'Ivoire,1.83M,1.89M,1.96M,2.04M,2.12M,2.2M,2.28M,2.37M,2.47M,2.56M,2.67M,2.78M,2.9M,3.03M,3.17M,3.31M,3.45M,3.59M,3.73M,3.88M,4.03M,4.2M,4.36M,4.54M,4.71M,4.89M,5.07M,5.25M,5.43M,5.64M,5.86M,6.09M,6.33M,6.57M,6.81M,7.06M,7.32M,7.59M,7.85M,8.1M,8.33M,8.56M,8.77M,8.98M,9.19M,9.39M,9.59M,9.79M,9.99M,10.2M,10.4M,10.6M,10.8M,11.1M,11.3M,11.6M,12M,12.3M,12.6M,12.9M,13.3M,13.6M,13.9M
Cameroon,2.62M,2.68M,2.73M,2.8M,2.86M,2.93M,2.99M,3.07M,3.14M,3.22M,3.3M,3.39M,3.48M,3.57M,3.67M,3.77M,3.87M,3.97M,4.08M,4.19M,4.33M,4.48M,4.59M,4.69M,4.82M,4.97M,5.12M,5.28M,5.44M,5.6M,5.77M,5.95M,6.12M,6.3M,6.48M,6.66M,6.84M,7.03M,7.21M,7.41M,7.6M,7.8M,8.01M,8.23M,8.46M,8.69M,8.93M,9.18M,9.44M,9.71M,9.99M,10.3M,10.6M,10.9M,11.2M,11.5M,11.9M,12.2M,12.6M,12.9M,13.3M,13.6M,14M
"Congo, Dem. Rep.",7.98M,8.17M,8.37M,8.59M,8.81M,9.05M,9.3M,9.56M,9.83M,10.1M,10.4M,10.7M,10.9M,11.2M,11.5M,11.8M,12.1M,12.4M,12.8M,13.2M,13.6M,14M,14.4M,14.7M,15.2M,15.6M,16.1M,16.6M,17.1M,17.6M,18.2M,18.8M,19.4M,20M,21M,21.8M,22.3M,22.6M,23.2M,23.9M,24.6M,25.3M,26.1M,26.9M,27.7M,28.6M,29.5M,30.4M,31.4M,32.4M,33.5M,34.6M,35.8M,37.1M,38.3M,39.7M,41.1M,42.5M,43.9M,45.3M,46.8M,48.3M,49.9M
"Congo, Rep.",536k,550k,565k,581k,597k,614k,631k,650k,669k,689k,710k,732k,755k,778k,803k,826k,846k,867k,888k,909k,930k,952k,973k,993k,1.02M,1.05M,1.08M,1.11M,1.15M,1.18M,1.21M,1.25M,1.28M,1.31M,1.35M,1.39M,1.42M,1.45M,1.49M,1.53M,1.58M,1.64M,1.68M,1.73M,1.78M,1.85M,1.92M,1.99M,2.05M,2.14M,2.23M,2.3M,2.36M,2.42M,2.48M,2.54M,2.6M,2.66M,2.72M,2.79M,2.85M,2.92M,2.99M
Colombia,7.88M,8.12M,8.37M,8.63M,8.89M,9.16M,9.42M,9.68M,9.95M,10.2M,10.5M,10.7M,10.9M,11.2M,11.4M,11.7M,11.9M,12.2M,12.5M,12.8M,13.1M,13.4M,13.7M,14M,14.3M,14.6M,15M,15.3M,15.6M,16M,16.3M,16.7M,17M,17.4M,17.7M,18.1M,18.4M,18.7M,19.1M,19.4M,19.7M,20.1M,20.4M,20.7M,21M,21.3M,21.6M,21.9M,22.1M,22.4M,22.6M,22.9M,23.1M,23.4M,23.6M,23.8M,24.1M,24.5M,24.9M,25.4M,25.8M,26.1M,26.3M
Comoros,97.7k,99.5k,101k,103k,105k,107k,109k,112k,115k,118k,121k,124k,128k,131k,135k,139k,144k,148k,153k,158k,163k,168k,172k,177k,182k,187k,193k,198k,204k,210k,216k,222k,227k,232k,237k,243k,248k,254k,259k,265k,270k,276k,281k,287k,292k,298k,303k,309k,315k,321k,328k,335k,342k,349k,357k,364k,372k,380k,387k,394k,401k,409k,416k
Cape Verde,111k,113k,117k,120k,123k,127k,131k,134k,138k,142k,147k,150k,152k,154k,156k,158k,160k,162k,164k,166k,168k,171k,173k,175k,177k,179k,181k,183k,185k,187k,190k,194k,198k,203k,208k,213k,218k,222k,227k,232k,236k,239k,242k,245k,247k,250k,252k,255k,257k,259k,262k,265k,268k,271k,274k,277k,281k,284k,287k,290k,293k,296k,298k
Costa Rica,664k,689k,714k,740k,766k,792k,818k,843k,868k,893k,918k,944k,969k,994k,1.02M,1.05M,1.08M,1.1M,1.13M,1.17M,1.2M,1.23M,1.27M,1.3M,1.34M,1.37M,1.41M,1.45M,1.49M,1.53M,1.57M,1.61M,1.65M,1.69M,1.73M,1.77M,1.81M,1.86M,1.9M,1.94M,1.98M,2.01M,2.05M,2.08M,2.11M,2.15M,2.18M,2.21M,2.24M,2.27M,2.3M,2.33M,2.36M,2.39M,2.41M,2.44M,2.47M,2.49M,2.52M,2.54M,2.56M,2.58M,2.59M
Cuba,3.55M,3.62M,3.7M,3.79M,3.87M,3.95M,4.04M,4.12M,4.2M,4.28M,4.36M,4.44M,4.51M,4.57M,4.63M,4.68M,4.72M,4.76M,4.79M,4.81M,4.82M,4.85M,4.88M,4.92M,4.96M,5.01M,5.05M,5.1M,5.15M,5.2M,5.25M,5.3M,5.33M,5.36M,5.39M,5.41M,5.44M,5.46M,5.48M,5.51M,5.53M,5.55M,5.57M,5.59M,5.61M,5.62M,5.63M,5.64M,5.64M,5.65M,5.65M,5.66M,5.67M,5.67M,5.68M,5.69M,5.69M,5.69M,5.69M,5.69M,5.68M,5.67M,5.65M
Cayman Islands,4490,4570,4650,4740,4830,4930,5030,5130,5230,5330,5500,5780,6110,6440,6770,7110,7440,7770,8080,8380,8730,9140,9560,9980,10.4k,10.9k,11.3k,11.7k,12.2k,12.7k,13.2k,13.9k,14.6k,15.3k,16k,16.7k,17.4k,18.1k,18.8k,19.5k,20.2k,20.9k,21.6k,22.3k,23k,23.7k,24.4k,25.1k,25.8k,26.6k,27.3k,27.9k,28.5k,29.1k,29.7k,30.3k,31k,31.6k,32.3k,32.8k,33.4k,33.7k,34k
Cyprus,297k,302k,305k,308k,310k,313k,315k,318k,320k,322k,323k,325k,327k,328k,329k,328k,329k,332k,334k,337k,339k,342k,345k,351k,356k,362k,368k,373k,379k,384k,389k,394k,400k,407k,417k,426k,435k,444k,453k,461k,470k,478k,487k,497k,506k,515k,525k,534k,544k,553k,563k,571k,577k,582k,587k,592k,598k,603k,608k,613k,618k,621k,625k
Czech Republic,4.94M,4.94M,4.96M,4.98M,5.01M,5.04M,5.06M,5.08M,5.09M,5.1M,5.08M,5.07M,5.09M,5.12M,5.15M,5.19M,5.22M,5.25M,5.28M,5.31M,5.31M,5.31M,5.31M,5.32M,5.32M,5.32M,5.33M,5.33M,5.33M,5.33M,5.32M,5.3M,5.31M,5.31M,5.31M,5.31M,5.3M,5.29M,5.29M,5.28M,5.26M,5.24M,5.23M,5.22M,5.22M,5.22M,5.23M,5.26M,5.3M,5.32M,5.34M,5.34M,5.35M,5.35M,5.36M,5.36M,5.37M,5.38M,5.4M,5.42M,5.43M,5.33M,5.34M
Germany,38.8M,39M,39.3M,39.6M,39.9M,40.2M,40.5M,40.7M,40.8M,41.1M,41.2M,41.3M,41.5M,41.6M,41.6M,41.4M,41.2M,41.1M,41.1M,41.1M,41.1M,41.2M,41.1M,41M,40.8M,40.6M,40.6M,40.6M,40.7M,40.9M,41.2M,41.4M,41.7M,41.9M,42M,42.1M,42.1M,42.2M,42.2M,42.2M,42.2M,42.3M,42.4M,42.4M,42.4M,42.3M,42.2M,42.1M,42M,41.9M,41.7M,40.9M,40.9M,41M,41.1M,41.4M,41.8M,41.9M,42M,42.1M,42.1M,42.1M,42.6M
Djibouti,43.4k,45.1k,47k,49.3k,52k,54.9k,58k,61.2k,64.5k,68.4k,72.9k,77.9k,83.4k,89.5k,96.6k,105k,116k,128k,140k,153k,164k,172k,179k,185k,193k,202k,214k,228k,243k,262k,291k,316k,314k,308k,314k,317k,325k,336k,350k,362k,373k,385k,397k,405k,411k,417k,425k,435k,443k,453k,462k,471k,479k,488k,497k,506k,514k,523k,532k,540k,549k,557k,565k
Dominica,31.5k,32k,32.4k,32.8k,33.2k,33.7k,34.2k,34.7k,35.3k,35.9k,36.3k,36.5k,36.5k,36.6k,36.7k,36.8k,36.9k,36.9k,36.9k,36.9k,36.9k,36.8k,36.6k,36.4k,36.2k,36k,35.8k,35.6k,35.4k,35.2k,35k,34.9k,34.8k,34.8k,34.8k,34.8k,34.7k,34.7k,34.6k,34.4k,34.2k,34.1k,34.1k,34.1k,34.2k,34.2k,34.2k,34.1k,34.1k,34.1k,34k,34k,34.1k,34.1k,34.4k,34.9k,34.9k,35.1k,35.4k,35.8k,36.1k,36.4k,36.6k
Denmark,2.31M,2.32M,2.34M,2.36M,2.38M,2.4M,2.42M,2.44M,2.45M,2.47M,2.49M,2.5M,2.52M,2.53M,2.55M,2.56M,2.56M,2.57M,2.58M,2.59M,2.59M,2.59M,2.59M,2.59M,2.59M,2.59M,2.6M,2.6M,2.6M,2.6M,2.61M,2.61M,2.62M,2.63M,2.64M,2.65M,2.67M,2.68M,2.68M,2.69M,2.7M,2.71M,2.72M,2.72M,2.73M,2.74M,2.74M,2.76M,2.77M,2.79M,2.8M,2.81M,2.82M,2.83M,2.84M,2.86M,2.88M,2.9M,2.91M,2.92M,2.93M,2.94M,2.97M
Dominican Republic,1.64M,1.7M,1.75M,1.81M,1.87M,1.93M,1.99M,2.05M,2.12M,2.18M,2.24M,2.3M,2.37M,2.43M,2.49M,2.56M,2.62M,2.69M,2.76M,2.82M,2.89M,2.95M,3.02M,3.08M,3.15M,3.22M,3.29M,3.36M,3.43M,3.5M,3.58M,3.65M,3.73M,3.8M,3.87M,3.93M,3.99M,4.05M,4.11M,4.16M,4.22M,4.27M,4.33M,4.39M,4.46M,4.52M,4.58M,4.64M,4.7M,4.77M,4.83M,4.9M,4.97M,5.03M,5.1M,5.16M,5.22M,5.29M,5.35M,5.41M,5.47M,5.54M,5.59M
Algeria,5.65M,5.75M,5.82M,5.9M,5.99M,6.06M,6.16M,6.3M,6.45M,6.59M,6.74M,6.9M,7.06M,7.23M,7.41M,7.69M,8.07M,8.39M,8.64M,8.9M,9.19M,9.49M,9.81M,10.2M,10.5M,10.9M,11.2M,11.6M,11.9M,12.2M,12.5M,12.9M,13.2M,13.5M,13.7M,14M,14.2M,14.5M,14.7M,14.9M,15.1M,15.3M,15.5M,15.7M,15.9M,16.2M,16.4M,16.7M,16.9M,17.2M,17.6M,17.9M,18.3M,18.6M,19M,19.4M,19.8M,20.2M,20.6M,20.9M,21.3M,21.7M,22M
Ecuador,2.31M,2.38M,2.45M,2.52M,2.59M,2.67M,2.75M,2.83M,2.91M,2.99M,3.08M,3.17M,3.26M,3.35M,3.45M,3.54M,3.64M,3.74M,3.84M,3.95M,4.06M,4.16M,4.27M,4.38M,4.5M,4.61M,4.73M,4.85M,4.97M,5.09M,5.21M,5.33M,5.44M,5.55M,5.66M,5.77M,5.88M,5.98M,6.09M,6.2M,6.3M,6.41M,6.53M,6.64M,6.76M,6.88M,7M,7.12M,7.24M,7.37M,7.49M,7.62M,7.74M,7.86M,7.98M,8.1M,8.22M,8.35M,8.51M,8.67M,8.8M,8.91M,9.02M
Egypt,13.4M,13.8M,14.1M,14.5M,14.9M,15.3M,15.7M,16.1M,16.5M,16.9M,17.3M,17.6M,18M,18.5M,18.9M,19.3M,19.7M,20.2M,20.7M,21.2M,21.8M,22.4M,23M,23.6M,24.2M,24.9M,25.6M,26.2M,27M,27.7M,28.4M,29M,29.7M,30.4M,31.1M,31.7M,32.4M,33.1M,33.8M,34.5M,35.2M,36M,36.7M,37.5M,38.2M,39M,39.8M,40.6M,41.4M,42.2M,43.1M,44M,45M,46.1M,47.2M,48.3M,49.3M,50.3M,51.3M,52.2M,53.1M,54M,54.9M
Eritrea,505k,517k,529k,542k,556k,570k,585k,600k,615k,631k,647k,664k,682k,700k,719k,738k,759k,780k,801k,823k,846k,869k,893k,918k,944k,969k,995k,1.02M,1.05M,1.07M,1.1M,1.04M,980k,1.01M,1.04M,1.1M,1.15M,1.16M,1.18M,1.2M,1.22M,1.26M,1.3M,1.35M,1.41M,1.44M,1.47M,1.49M,1.53M,1.57M,1.6M,1.63M,1.65M,1.67M,1.69M,1.7M,1.71M,1.72M,1.75M,1.77M,1.8M,1.83M,1.87M
Spain,15.7M,15.8M,15.9M,16.1M,16.2M,16.4M,16.6M,16.8M,17M,17.1M,17.3M,17.5M,17.7M,17.9M,18.1M,18.3M,18.4M,18.6M,18.8M,19M,19.1M,19.2M,19.3M,19.4M,19.5M,19.6M,19.7M,19.7M,19.8M,19.8M,19.8M,19.9M,20M,20.1M,20.2M,20.3M,20.4M,20.4M,20.5M,20.6M,20.7M,20.8M,21.1M,21.5M,21.8M,22.1M,22.5M,22.9M,23.2M,23.4M,23.6M,23.7M,23.7M,23.7M,23.6M,23.6M,23.7M,23.7M,23.9M,24M,24.2M,24.2M,24.3M
Estonia,677k,682k,689k,696k,704k,711k,717k,721k,725k,731k,738k,746k,754k,760k,766k,771k,776k,781k,785k,789k,793k,798k,803k,808k,813k,818k,823k,828k,833k,835k,835k,830k,816k,797k,781k,768k,757k,748k,741k,743k,746k,741k,737k,733k,729k,725k,721k,717k,715k,713k,711k,709k,706k,702k,700k,700k,699k,698k,699k,699k,700k,700k,706k
Ethiopia,11M,11.2M,11.5M,11.8M,12.1M,12.5M,12.8M,13.1M,13.5M,13.9M,14.3M,14.7M,15.1M,15.5M,15.9M,16.3M,16.7M,17M,17.3M,17.5M,17.6M,18.1M,18.8M,19.3M,19.8M,20.3M,20.9M,21.6M,22.4M,23.2M,24M,25M,26.1M,26.9M,27.8M,28.7M,29.7M,30.6M,31.5M,32.5M,33.4M,34.4M,35.4M,36.4M,37.4M,38.5M,39.6M,40.7M,41.9M,43.1M,44.3M,45.6M,46.9M,48.2M,49.6M,50.9M,52.3M,53.8M,55.2M,56.7M,58.3M,59.8M,61.4M
Finland,2.3M,2.31M,2.33M,2.34M,2.35M,2.36M,2.37M,2.38M,2.39M,2.39M,2.38M,2.39M,2.4M,2.41M,2.42M,2.43M,2.44M,2.45M,2.45M,2.46M,2.47M,2.48M,2.49M,2.51M,2.52M,2.53M,2.54M,2.54M,2.55M,2.56M,2.57M,2.58M,2.59M,2.6M,2.61M,2.62M,2.63M,2.64M,2.64M,2.65M,2.65M,2.65M,2.66M,2.66M,2.67M,2.68M,2.69M,2.7M,2.71M,2.72M,2.73M,2.74M,2.75M,2.77M,2.78M,2.78M,2.79M,2.79M,2.79M,2.8M,2.8M,2.8M,2.81M
Fiji,194k,201k,208k,214k,221k,228k,235k,242k,247k,253k,259k,264k,269k,274k,279k,284k,289k,296k,303k,310k,318k,326k,334k,342k,351k,359k,367k,373k,377k,381k,385k,387k,388k,389k,390k,390k,392k,396k,400k,405k,409k,413k,417k,421k,425k,429k,433k,436k,439k,442k,445k,447k,449k,451k,452k,454k,455k,456k,457k,457k,459k,461k,464k
France,24M,24.3M,24.5M,24.8M,25M,25.3M,25.5M,25.8M,26M,26.3M,26.5M,26.7M,26.9M,27.1M,27.3M,27.5M,27.6M,27.7M,27.9M,28M,28.2M,28.3M,28.5M,28.7M,28.8M,29M,29.2M,29.3M,29.5M,29.6M,29.8M,30.1M,30.2M,30.4M,30.5M,30.6M,30.7M,30.9M,31M,31.2M,31.4M,31.6M,31.8M,32.1M,32.3M,32.6M,32.8M,33M,33.2M,33.4M,33.6M,33.7M,33.9M,34.1M,34.2M,34.4M,34.5M,34.6M,34.7M,34.8M,34.9M,35M,35.1M
Faeroe Islands,16.4k,16.6k,16.8k,16.9k,17.1k,17.4k,17.6k,17.8k,18k,18.2k,18.4k,18.6k,18.8k,19k,19.2k,19.4k,19.6k,19.8k,20k,20.3k,20.5k,20.8k,21.1k,21.3k,21.6k,21.8k,22k,22.2k,22.5k,22.7k,22.7k,22.5k,22.1k,21.7k,21.3k,21.2k,21.3k,21.5k,21.7k,21.8k,22k,22.3k,22.6k,22.8k,23.1k,23.2k,23.2k,23.3k,23.3k,23.3k,23.3k,23.3k,23.3k,23.3k,23.4k,23.6k,23.9k,24.3k,24.6k,24.9k,25.3k,25.5k,25.6k
"Micronesia, Fed. Sts.",21k,21.8k,22.6k,23.3k,24.1k,24.8k,25.6k,26.4k,27.2k,28k,28.9k,29.7k,30.5k,31.3k,32.1k,32.9k,33.7k,34.5k,35.4k,36.5k,37.6k,38.7k,39.8k,41k,42.2k,43.4k,44.6k,45.8k,46.8k,47.7k,48.6k,49.5k,50.7k,52.1k,53.4k,54.2k,54.5k,54.8k,55.1k,55.3k,55.4k,55.5k,55.5k,55.4k,55.2k,54.9k,54.6k,54.3k,53.9k,53.5k,53.3k,53.5k,53.7k,53.9k,54.1k,54.3k,54.5k,54.8k,55.1k,55.3k,55.7k,56.2k,56.8k
Gabon,262k,265k,268k,272k,275k,279k,283k,288k,292k,298k,304k,310k,317k,323k,330k,337k,345k,353k,362k,371k,380k,390k,401k,411k,422k,434k,446k,458k,471k,484k,497k,511k,524k,538k,552k,566k,580k,594k,609k,624k,640k,656k,673k,690k,709k,728k,749k,771k,794k,819k,845k,873k,903k,933k,963k,992k,1.02M,1.05M,1.07M,1.1M,1.12M,1.15M,1.17M
Isle of Man,26.4k,26.2k,26.4k,26.6k,26.8k,27k,27.3k,27.8k,28.3k,28.9k,29.4k,29.9k,30.3k,30.8k,31.1k,31.5k,31.9k,32.2k,32.6k,33k,33.4k,33.7k,33.7k,33.7k,33.6k,33.6k,33.7k,34.1k,34.6k,35.1k,35.7k,36.1k,36.3k,36.5k,36.7k,36.8k,37k,37.4k,37.8k,38.3k,38.6k,39k,39.3k,39.6k,39.9k,40.2k,40.6k,41k,41.4k,41.8k,42.2k,42.5k,42.5k,42.4k,42.3k,42.2k,42.1k,42.2k,42.3k,42.4k,42.4k,42.5k,42.7k
UK,27.1M,27.3M,27.5M,27.7M,27.9M,28M,28.2M,28.3M,28.4M,28.5M,28.7M,28.8M,28.8M,28.9M,28.9M,28.9M,28.9M,28.9M,28.9M,28.9M,28.9M,28.9M,28.9M,28.9M,29M,29.1M,29.1M,29.2M,29.3M,29.3M,29.4M,29.5M,29.6M,29.7M,29.7M,29.8M,29.9M,29.9M,30M,30.1M,30.2M,30.3M,30.4M,30.5M,30.7M,30.9M,31.1M,31.3M,31.5M,31.7M,32M,32.2M,32.4M,32.6M,32.8M,33M,33.3M,33.5M,33.7M,33.8M,33.9M,33.9M,33.9M
Georgia,1.92M,1.95M,1.98M,2M,2.03M,2.06M,2.09M,2.12M,2.15M,2.18M,2.2M,2.23M,2.25M,2.27M,2.29M,2.31M,2.32M,2.34M,2.35M,2.37M,2.39M,2.4M,2.42M,2.44M,2.46M,2.48M,2.5M,2.52M,2.55M,2.55M,2.55M,2.57M,2.59M,2.61M,2.58M,2.48M,2.4M,2.32M,2.27M,2.22M,2.18M,2.15M,2.13M,2.12M,2.1M,2.08M,2.07M,2.06M,2.05M,2.03M,2.01M,1.99M,1.97M,1.96M,1.96M,1.97M,1.97M,1.97M,1.97M,1.97M,1.97M,1.96M,1.97M
Ghana,3.38M,3.48M,3.58M,3.68M,3.77M,3.88M,3.98M,4.09M,4.19M,4.31M,4.43M,4.55M,4.68M,4.82M,4.96M,5.11M,5.25M,5.42M,5.59M,5.78M,5.96M,6.14M,6.34M,6.55M,6.74M,6.9M,7.06M,7.23M,7.41M,7.6M,7.8M,7.99M,8.19M,8.39M,8.59M,8.79M,9M,9.21M,9.43M,9.66M,9.91M,10.2M,10.4M,10.7M,11M,11.3M,11.6M,11.9M,12.2M,12.5M,12.8M,13.1M,13.5M,13.8M,14.1M,14.5M,14.8M,15.1M,15.5M,15.8M,16.1M,16.5M,16.8M
Gibraltar,11.4k,11.4k,11.5k,11.7k,11.9k,12.2k,12.4k,12.6k,12.8k,13k,13.3k,13.4k,13.6k,13.7k,13.8k,13.9k,14k,14k,14.1k,14.2k,14.2k,14.3k,14.3k,14.3k,14.2k,14.1k,14k,13.9k,13.7k,13.6k,13.4k,13.2k,13.2k,13.3k,13.4k,13.5k,13.6k,13.7k,13.8k,13.8k,13.9k,13.9k,14k,14.2k,14.4k,14.6k,14.8k,15k,15.2k,15.4k,15.7k,15.9k,16.1k,16.2k,16.3k,16.3k,16.3k,16.3k,16.4k,16.4k,16.4k,16.4k,16.3k
Guinea,1.77M,1.8M,1.83M,1.87M,1.9M,1.94M,1.97M,2.01M,2.05M,2.09M,2.13M,2.17M,2.21M,2.25M,2.29M,2.33M,2.37M,2.41M,2.45M,2.49M,2.54M,2.59M,2.65M,2.7M,2.76M,2.83M,2.9M,2.97M,3.05M,3.12M,3.23M,3.36M,3.47M,3.57M,3.68M,3.78M,3.88M,3.97M,4.05M,4.14M,4.23M,4.3M,4.37M,4.47M,4.57M,4.66M,4.76M,4.87M,4.99M,5.11M,5.24M,5.36M,5.5M,5.63M,5.77M,5.91M,6.06M,6.22M,6.37M,6.53M,6.69M,6.85M,7.01M
Gambia,203k,208k,214k,220k,226k,232k,239k,246k,253k,260k,268k,275k,284k,292k,301k,310k,320k,330k,341k,352k,365k,377k,390k,405k,419k,435k,451k,468k,486k,505k,526k,547k,568k,589k,608k,627k,646k,666k,686k,707k,728k,750k,773k,795k,818k,842k,867k,894k,921k,950k,979k,1.01M,1.04M,1.07M,1.1M,1.13M,1.17M,1.2M,1.23M,1.26M,1.29M,1.33M,1.36M
Guinea-Bissau,287k,290k,294k,297k,295k,290k,287k,289k,295k,298k,300k,302k,303k,308k,319k,337k,359k,383k,407k,421k,426k,433k,440k,447k,455k,462k,469k,476k,484k,492k,500k,510k,525k,542k,559k,573k,585k,596k,607k,618k,631k,644k,658k,673k,689k,705k,723k,741k,759k,779k,799k,819k,841k,864k,886k,909k,931k,954k,976k,999k,1.02M,1.04M,1.07M
Equatorial Guinea,136k,138k,141k,144k,147k,150k,153k,156k,159k,161k,161k,158k,155k,151k,148k,144k,141k,138k,138k,140k,144k,152k,161k,172k,182k,192k,202k,211k,219k,227k,236k,245k,254k,263k,273k,283k,293k,303k,314k,326k,339k,355k,370k,386k,402k,420k,438k,458k,479k,501k,525k,547k,569k,591k,614k,637k,661k,684k,708k,731k,752k,771k,791k
Greece,4.26M,4.3M,4.33M,4.35M,4.37M,4.39M,4.43M,4.46M,4.5M,4.51M,4.53M,4.55M,4.57M,4.59M,4.61M,4.65M,4.72M,4.78M,4.83M,4.89M,4.93M,4.97M,4.99M,5.02M,5.03M,5.05M,5.06M,5.07M,5.09M,5.11M,5.16M,5.21M,5.25M,5.27M,5.29M,5.31M,5.33M,5.35M,5.38M,5.4M,5.42M,5.45M,5.47M,5.49M,5.5M,5.53M,5.55M,5.57M,5.59M,5.61M,5.63M,5.63M,5.61M,5.57M,5.54M,5.51M,5.49M,5.48M,5.47M,5.47M,5.46M,5.43M,5.4M
Grenada,50.2k,50.8k,51.1k,51.4k,51.7k,51.9k,52k,52k,51.9k,51.8k,51.6k,51.3k,51.1k,50.8k,50.5k,50.2k,49.9k,49.6k,49.2k,48.9k,48.5k,48.6k,49.2k,50.1k,50.8k,51.2k,51.2k,51k,50.5k,50k,49.8k,50.1k,50.6k,51.2k,51.6k,52k,52.3k,52.6k,52.9k,53.2k,53.4k,53.6k,53.7k,53.9k,54.3k,54.7k,55k,55.4k,55.7k,56.1k,56.5k,56.9k,57.5k,58k,58.6k,59.2k,59.7k,60.2k,60.7k,61.2k,61.7k,62.3k,62.7k
Greenland,16k,16.5k,17.1k,17.7k,18.2k,18.9k,19.5k,20.1k,20.7k,21.3k,21.9k,22.2k,22.6k,22.9k,23k,22.9k,22.9k,22.7k,22.5k,22.7k,22.9k,23.3k,23.5k,23.8k,24k,24.3k,24.4k,24.7k,25k,25.3k,25.5k,25.6k,25.6k,25.6k,25.8k,26k,26k,26k,26.1k,26.1k,26.1k,26.2k,26.4k,26.5k,26.6k,26.6k,26.6k,26.5k,26.4k,26.4k,26.7k,26.7k,26.7k,26.6k,26.5k,26.5k,26.5k,26.5k,26.5k,26.6k,26.7k,26.8k,26.9k
Guatemala,2.02M,2.08M,2.14M,2.2M,2.27M,2.34M,2.4M,2.47M,2.54M,2.61M,2.68M,2.75M,2.81M,2.88M,2.95M,3.02M,3.09M,3.16M,3.24M,3.32M,3.41M,3.5M,3.61M,3.72M,3.82M,3.93M,4.05M,4.16M,4.28M,4.41M,4.53M,4.66M,4.78M,4.91M,5.04M,5.17M,5.29M,5.42M,5.55M,5.69M,5.83M,5.97M,6.11M,6.25M,6.39M,6.52M,6.66M,6.79M,6.93M,7.06M,7.19M,7.32M,7.46M,7.59M,7.72M,7.86M,7.99M,8.12M,8.25M,8.38M,8.51M,8.64M,8.77M
Guam,28k,29.1k,30.2k,31.3k,32.4k,33.6k,34.7k,35.9k,37k,38.2k,39.4k,40.8k,42.2k,43.6k,45k,46.3k,47.7k,49k,50.3k,51.7k,53.1k,54.4k,55.7k,56.9k,58.1k,59.3k,60.5k,61.7k,62.9k,64.1k,65.4k,66.8k,68.3k,69.8k,71.2k,72.6k,74k,75.4k,76.6k,78k,79k,79.6k,80.1k,80.5k,80.8k,80.9k,81k,81.1k,81.1k,81k,81.2k,81.6k,82k,82.4k,82.7k,83k,83.2k,83.4k,83.5k,83.5k,83.9k,84.7k,85.3k
Guyana,287k,295k,303k,311k,319k,326k,333k,339k,344k,349k,354k,359k,363k,367k,371k,375k,379k,383k,387k,390k,392k,393k,393k,392k,391k,390k,388k,385k,383k,380k,377k,376k,376k,377k,378k,379k,379k,380k,380k,380k,381k,381k,381k,381k,381k,381k,380k,380k,379k,377k,376k,374k,374k,377k,380k,383k,387k,390k,399k,406k,407k,411k,413k
"Hong Kong, China",1.51M,1.54M,1.6M,1.66M,1.71M,1.75M,1.77M,1.82M,1.86M,1.89M,1.94M,1.98M,2.02M,2.07M,2.13M,2.16M,2.18M,2.21M,2.24M,2.36M,2.42M,2.47M,2.52M,2.57M,2.6M,2.64M,2.68M,2.71M,2.75M,2.78M,2.8M,2.83M,2.86M,2.92M,3M,3.06M,3.21M,3.25M,3.29M,3.34M,3.38M,3.42M,3.45M,3.46M,3.5M,3.54M,3.57M,3.62M,3.65M,3.68M,3.72M,3.76M,3.81M,3.83M,3.87M,3.92M,3.95M,3.98M,4.01M,4.04M,4.03M,3.99M,3.96M
Honduras,1.04M,1.07M,1.1M,1.13M,1.16M,1.2M,1.23M,1.27M,1.31M,1.35M,1.39M,1.43M,1.47M,1.52M,1.56M,1.61M,1.66M,1.71M,1.76M,1.82M,1.87M,1.93M,1.99M,2.05M,2.11M,2.17M,2.24M,2.3M,2.36M,2.43M,2.5M,2.57M,2.65M,2.72M,2.8M,2.88M,2.96M,3.04M,3.12M,3.2M,3.29M,3.38M,3.47M,3.56M,3.65M,3.74M,3.83M,3.92M,4M,4.09M,4.18M,4.26M,4.35M,4.43M,4.51M,4.6M,4.68M,4.76M,4.84M,4.93M,5.01M,5.09M,5.17M
Croatia,2.17M,2.18M,2.2M,2.21M,2.22M,2.23M,2.24M,2.25M,2.27M,2.28M,2.28M,2.29M,2.3M,2.31M,2.32M,2.33M,2.34M,2.36M,2.37M,2.37M,2.38M,2.38M,2.39M,2.41M,2.42M,2.43M,2.44M,2.45M,2.46M,2.46M,2.47M,2.42M,2.37M,2.38M,2.41M,2.39M,2.36M,2.35M,2.35M,2.34M,2.32M,2.24M,2.24M,2.24M,2.24M,2.24M,2.24M,2.24M,2.24M,2.23M,2.23M,2.22M,2.21M,2.2M,2.19M,2.17M,2.15M,2.12M,2.1M,2.09M,2.08M,1.99M,1.98M
Haiti,2M,2.04M,2.08M,2.11M,2.15M,2.19M,2.23M,2.27M,2.31M,2.35M,2.39M,2.44M,2.48M,2.52M,2.57M,2.62M,2.66M,2.71M,2.77M,2.82M,2.87M,2.93M,2.99M,3.05M,3.11M,3.17M,3.23M,3.3M,3.36M,3.43M,3.5M,3.57M,3.64M,3.71M,3.78M,3.85M,3.92M,3.99M,4.06M,4.13M,4.21M,4.29M,4.36M,4.44M,4.51M,4.59M,4.66M,4.74M,4.82M,4.9M,4.95M,5.01M,5.08M,5.16M,5.24M,5.32M,5.39M,5.47M,5.55M,5.63M,5.7M,5.77M,5.85M
Hungary,5.17M,5.19M,5.2M,5.21M,5.23M,5.24M,5.25M,5.27M,5.29M,5.31M,5.33M,5.34M,5.36M,5.38M,5.4M,5.43M,5.46M,5.49M,5.51M,5.52M,5.52M,5.53M,5.53M,5.52M,5.52M,5.51M,5.51M,5.5M,5.5M,5.44M,5.39M,5.4M,5.4M,5.4M,5.4M,5.39M,5.39M,5.38M,5.37M,5.36M,5.35M,5.34M,5.33M,5.32M,5.31M,5.3M,5.29M,5.28M,5.27M,5.26M,5.25M,5.23M,5.2M,5.18M,5.17M,5.15M,5.13M,5.11M,5.1M,5.09M,5.08M,5.06M,5.03M
Indonesia,44.3M,45.5M,46.8M,48M,49.4M,50.7M,51.9M,53.3M,54.7M,56.2M,57.7M,59.3M,60.9M,62.4M,64.1M,65.7M,67.3M,69M,70.7M,72.4M,74.1M,75.8M,77.6M,79.3M,81.1M,82.8M,84.4M,86M,87.6M,89.2M,90.8M,92.3M,93.9M,95.5M,97M,98.6M,100M,102M,103M,105M,106M,108M,109M,111M,112M,114M,115M,117M,118M,120M,121M,123M,124M,126M,127M,129M,130M,131M,133M,134M,135M,136M,137M
India,216M,221M,226M,231M,236M,242M,247M,252M,258M,263M,269M,275M,281M,288M,294M,301M,307M,314M,321M,328M,336M,344M,352M,360M,368M,376M,385M,394M,403M,411M,420M,429M,439M,448M,457M,466M,475M,484M,493M,502M,511M,521M,530M,539M,548M,557M,566M,574M,582M,591M,599M,607M,616M,624M,632M,639M,647M,655M,662M,669M,675M,681M,686M
Ireland,1.41M,1.41M,1.41M,1.42M,1.43M,1.43M,1.44M,1.45M,1.45M,1.46M,1.47M,1.49M,1.51M,1.54M,1.56M,1.59M,1.61M,1.63M,1.66M,1.68M,1.7M,1.72M,1.74M,1.75M,1.76M,1.77M,1.77M,1.78M,1.77M,1.77M,1.77M,1.78M,1.79M,1.8M,1.81M,1.82M,1.83M,1.85M,1.87M,1.89M,1.91M,1.95M,1.98M,2.01M,2.04M,2.08M,2.14M,2.2M,2.25M,2.28M,2.3M,2.31M,2.32M,2.33M,2.35M,2.38M,2.4M,2.43M,2.46M,2.49M,2.52M,2.54M,2.57M
Iran,10.4M,10.7M,11M,11.3M,11.6M,12M,12.3M,12.7M,13M,13.4M,13.8M,14.2M,14.6M,15M,15.5M,15.9M,16.4M,16.9M,17.4M,18M,18.7M,19.6M,20.5M,21.3M,22.1M,23M,23.8M,24.6M,25.5M,26.2M,27.3M,28.4M,29.1M,29.3M,29.4M,29.9M,30.3M,30.7M,31.2M,31.8M,32.3M,32.9M,33.2M,33.5M,34M,34.6M,35.1M,35.6M,36.1M,36.6M,37.1M,37.6M,38.1M,38.6M,39.4M,40.3M,41.1M,41.7M,42.3M,42.8M,43.2M,43.5M,43.8M
Iraq,3.58M,3.67M,3.78M,3.91M,4.04M,4.18M,4.32M,4.47M,4.62M,4.78M,4.95M,5.12M,5.3M,5.48M,5.66M,5.85M,6.04M,6.24M,6.44M,6.65M,6.86M,7.07M,7.28M,7.51M,7.76M,7.96M,8.16M,8.4M,8.6M,8.84M,8.95M,9.04M,9.31M,9.76M,10.2M,10.6M,10.9M,11.3M,11.6M,12M,12.4M,12.8M,13.2M,13.6M,14M,14.4M,14.5M,14.4M,14.7M,15.2M,15.7M,16.3M,17M,17.8M,18.4M,18.9M,19.4M,19.8M,20.3M,20.8M,21.3M,21.7M,22.2M
Iceland,86.9k,88.5k,90.2k,91.8k,93.4k,95.1k,96.7k,98.2k,99.6k,101k,101k,102k,103k,105k,106k,108k,109k,110k,111k,112k,113k,114k,116k,118k,119k,120k,121k,122k,124k,126k,127k,128k,130k,131k,133k,133k,134k,135k,137k,139k,140k,142k,144k,145k,146k,148k,150k,153k,156k,158k,158k,159k,160k,161k,163k,165k,166k,169k,173k,176k,178k,182k,186k
Israel,1.05M,1.08M,1.14M,1.18M,1.23M,1.28M,1.31M,1.37M,1.4M,1.44M,1.49M,1.53M,1.57M,1.64M,1.69M,1.73M,1.77M,1.81M,1.85M,1.9M,1.95M,1.99M,2.03M,2.07M,2.1M,2.14M,2.17M,2.21M,2.25M,2.29M,2.36M,2.51M,2.6M,2.67M,2.74M,2.82M,2.89M,2.96M,3.03M,3.11M,3.19M,3.26M,3.33M,3.39M,3.45M,3.51M,3.57M,3.63M,3.7M,3.78M,3.85M,3.92M,3.99M,4.06M,4.14M,4.22M,4.3M,4.38M,4.46M,4.54M,4.62M,4.7M,4.79M
Italy,25.9M,26M,26.2M,26.4M,26.6M,26.8M,27M,27.2M,27.4M,27.5M,27.7M,27.8M,27.9M,28.1M,28.3M,28.5M,28.6M,28.8M,28.9M,29M,29M,29M,29.1M,29.1M,29.1M,29.1M,29.1M,29.1M,29.1M,29.2M,29.2M,29.2M,29.3M,29.3M,29.3M,29.3M,29.3M,29.3M,29.4M,29.4M,29.4M,29.4M,29.5M,29.6M,29.7M,29.9M,30M,30.1M,30.3M,30.5M,30.6M,30.6M,30.7M,31.1M,31.3M,31.3M,31.2M,31.1M,31M,30.6M,30.5M,30.3M,30.2M
Jamaica,862k,872k,881k,890k,900k,909k,919k,929k,938k,948k,959k,973k,987k,1M,1.02M,1.03M,1.04M,1.06M,1.07M,1.08M,1.1M,1.11M,1.13M,1.14M,1.16M,1.17M,1.18M,1.19M,1.2M,1.21M,1.22M,1.23M,1.24M,1.25M,1.26M,1.27M,1.28M,1.29M,1.3M,1.31M,1.32M,1.32M,1.33M,1.34M,1.34M,1.35M,1.36M,1.36M,1.37M,1.37M,1.38M,1.38M,1.39M,1.4M,1.4M,1.41M,1.41M,1.41M,1.42M,1.42M,1.42M,1.42M,1.42M
Jordan,414k,435k,456k,478k,503k,534k,573k,618k,668k,716k,761k,799k,832k,863k,892k,920k,949k,978k,1.01M,1.04M,1.08M,1.12M,1.17M,1.23M,1.28M,1.34M,1.4M,1.47M,1.54M,1.62M,1.69M,1.77M,1.86M,1.95M,2.04M,2.12M,2.2M,2.26M,2.32M,2.37M,2.43M,2.49M,2.55M,2.61M,2.68M,2.75M,2.94M,3.14M,3.22M,3.29M,3.37M,3.46M,3.51M,3.73M,4.16M,4.55M,4.78M,4.9M,5.02M,5.14M,5.26M,5.37M,5.44M
Japan,47.4M,47.9M,48.3M,48.8M,49.3M,49.8M,50.3M,50.8M,51.3M,51.9M,52.5M,53.7M,54.4M,55.2M,55.9M,56.6M,57.2M,57.7M,58.2M,58.7M,59.2M,59.6M,60.1M,60.5M,60.9M,61.3M,61.7M,62M,62.2M,62.5M,62.7M,63M,63.3M,63.5M,63.7M,63.9M,64M,64.2M,64.4M,64.6M,64.7M,64.9M,65.1M,65.3M,65.3M,65.4M,65.5M,65.6M,65.6M,65.6M,65.7M,65.6M,65.5M,65.4M,65.3M,65.3M,65.2M,65.2M,65.1M,65.1M,64.9M,64.6M,64.3M
Kazakhstan,4.82M,4.99M,5.15M,5.31M,5.47M,5.63M,5.79M,5.94M,6.09M,6.23M,6.34M,6.44M,6.53M,6.62M,6.72M,6.82M,6.91M,7.02M,7.12M,7.23M,7.34M,7.45M,7.57M,7.7M,7.83M,7.96M,8.12M,8.32M,8.52M,8.44M,8.48M,8.53M,8.52M,8.5M,8.38M,8.22M,8.11M,8M,7.88M,7.82M,7.8M,7.79M,7.79M,7.82M,7.88M,7.95M,8.04M,8.13M,8.28M,8.44M,8.55M,8.67M,8.78M,8.9M,9.03M,9.15M,9.28M,9.39M,9.51M,9.62M,9.74M,9.86M,10.2M
Kenya,3.91M,4.06M,4.22M,4.39M,4.57M,4.76M,4.95M,5.16M,5.37M,5.58M,5.8M,6.02M,6.23M,6.45M,6.68M,6.9M,7.13M,7.37M,7.63M,7.9M,8.18M,8.48M,8.8M,9.13M,9.47M,9.83M,10.2M,10.5M,10.9M,11.3M,11.7M,12.1M,12.4M,12.8M,13.2M,13.6M,13.9M,14.3M,14.7M,15.1M,15.6M,16M,16.5M,17M,17.5M,18M,18.6M,19.1M,19.7M,20.3M,20.9M,21.4M,22M,22.5M,23.1M,23.6M,24.1M,24.7M,25.2M,25.7M,26.2M,26.7M,27.2M
Kyrgyz Republic,1.13M,1.17M,1.21M,1.25M,1.29M,1.33M,1.37M,1.41M,1.45M,1.49M,1.52M,1.56M,1.59M,1.62M,1.66M,1.69M,1.72M,1.75M,1.79M,1.82M,1.85M,1.88M,1.92M,1.96M,2M,2.04M,2.09M,2.14M,2.18M,2.23M,2.27M,2.31M,2.33M,2.33M,2.32M,2.35M,2.38M,2.41M,2.45M,2.48M,2.51M,2.54M,2.56M,2.58M,2.61M,2.64M,2.67M,2.7M,2.72M,2.75M,2.78M,2.82M,2.86M,2.92M,2.98M,3.04M,3.1M,3.16M,3.22M,3.29M,3.35M,3.41M,3.46M
Cambodia,2.78M,2.84M,2.9M,2.96M,3.03M,3.1M,3.16M,3.23M,3.29M,3.36M,3.38M,3.39M,3.44M,3.5M,3.55M,3.5M,3.35M,3.23M,3.2M,3.26M,3.33M,3.42M,3.55M,3.68M,3.8M,3.93M,4.07M,4.21M,4.36M,4.5M,4.66M,4.82M,5.02M,5.25M,5.43M,5.57M,5.7M,5.82M,5.94M,6.06M,6.16M,6.27M,6.38M,6.49M,6.6M,6.71M,6.82M,6.94M,7.05M,7.15M,7.26M,7.36M,7.47M,7.58M,7.68M,7.79M,7.89M,8M,8.09M,8.19M,8.28M,8.38M,8.47M
Kiribati,23.9k,24.5k,25.1k,25.7k,26.3k,26.9k,27.4k,27.7k,28k,28.4k,29k,29.6k,30.2k,30.7k,30.9k,30.7k,30.5k,30.2k,29.9k,30.1k,30.6k,31.2k,31.7k,32.3k,32.9k,33.6k,34.4k,35.3k,36.2k,37.1k,38k,38.8k,39.4k,40k,40.6k,41.2k,41.9k,42.7k,43.5k,44.3k,45.1k,46.1k,47.1k,48k,49k,50k,51k,52k,53k,54.1k,55.2k,56.2k,57.1k,58k,58.9k,59.9k,60.8k,61.8k,62.8k,63.9k,65k,66.2k,67.3k
St. Kitts and Nevis,30.2k,29.9k,29.4k,28.9k,28.2k,27.6k,26.8k,26.1k,25.3k,24.4k,23.8k,23.6k,23.4k,23.3k,23.1k,23k,22.9k,22.8k,22.6k,22.5k,22.4k,22.3k,22.1k,22k,21.8k,21.7k,21.5k,21.3k,21.1k,20.9k,20.7k,20.6k,20.8k,21k,21.3k,21.5k,21.8k,22k,22.3k,22.6k,22.9k,23.1k,23.3k,23.4k,23.5k,23.6k,23.7k,23.8k,23.9k,24k,24.1k,24.2k,24.3k,24.3k,24.4k,24.4k,24.5k,24.5k,24.5k,24.6k,24.6k,24.6k,24.6k
South Korea,12.5M,12.9M,13.2M,13.6M,13.9M,14.2M,14.6M,15M,15.3M,15.7M,16M,16.3M,16.7M,16.9M,17.2M,17.5M,17.8M,18.1M,18.4M,18.7M,19M,19.3M,19.6M,19.9M,20.2M,20.4M,20.6M,20.8M,21M,21.2M,21.3M,21.5M,21.8M,22M,22.2M,22.4M,22.6M,22.9M,23M,23.2M,23.4M,23.6M,23.7M,23.9M,24M,24.1M,24.2M,24.4M,24.6M,24.7M,24.9M,25M,25.1M,25.2M,25.4M,25.5M,25.6M,25.7M,25.8M,25.9M,25.9M,25.9M,25.9M
Kosovo,466k,476k,489k,503k,517k,531k,544k,558k,572k,586k,600k,613k,628k,642k,656k,670k,684k,698k,712k,726k,740k,755k,769k,784k,800k,817k,834k,851k,871k,890k,909k,927k,944k,960k,975k,991k,1.01M,1.02M,959k,858k,828k,829k,831k,834k,837k,840k,849k,858k,868k,878k,888k,897k,905k,911k,908k,896k,891k,898k,901k,897k,898k,896k,884k
Kuwait,125k,138k,154k,171k,190k,210k,234k,262k,292k,323k,353k,380k,407k,434k,463k,494k,525k,554k,584k,615k,646k,678k,712k,748k,782k,815k,852k,892k,932k,973k,741k,596k,722k,730k,708k,702k,718k,739k,760k,781k,802k,823k,842k,862k,880k,915k,978k,1.05M,1.12M,1.19M,1.27M,1.36M,1.46M,1.56M,1.59M,1.57M,1.59M,1.62M,1.66M,1.7M,1.69M,1.66M,1.67M
Lao,1.07M,1.1M,1.12M,1.15M,1.18M,1.21M,1.23M,1.26M,1.29M,1.32M,1.36M,1.39M,1.42M,1.46M,1.49M,1.52M,1.55M,1.58M,1.6M,1.63M,1.66M,1.7M,1.74M,1.78M,1.83M,1.88M,1.93M,1.98M,2.04M,2.1M,2.16M,2.22M,2.28M,2.34M,2.4M,2.46M,2.51M,2.57M,2.61M,2.66M,2.7M,2.75M,2.79M,2.83M,2.87M,2.92M,2.96M,3.01M,3.05M,3.1M,3.14M,3.19M,3.23M,3.27M,3.32M,3.36M,3.42M,3.47M,3.52M,3.58M,3.63M,3.68M,3.73M
Lebanon,893k,920k,948k,977k,1.01M,1.03M,1.06M,1.09M,1.12M,1.15M,1.18M,1.21M,1.24M,1.27M,1.3M,1.33M,1.53M,1.73M,1.59M,1.45M,1.48M,1.52M,1.54M,1.56M,1.6M,1.63M,1.67M,1.72M,1.75M,1.79M,1.83M,1.86M,1.9M,1.94M,1.97M,2.01M,2.04M,2.08M,2.11M,2.15M,2.18M,2.22M,2.24M,2.27M,2.31M,2.34M,2.38M,2.43M,2.46M,2.5M,2.52M,2.54M,2.61M,2.86M,3.16M,3.23M,3.17M,3.11M,3.04M,2.97M,2.91M,2.88M,2.83M
Liberia,555k,570k,585k,601k,616k,633k,650k,667k,685k,704k,723k,742k,762k,784k,806k,829k,854k,880k,908k,936k,966k,996k,1.03M,1.06M,1.09M,1.12M,1.16M,1.19M,1.23M,1.26M,1.11M,982k,1.04M,1.08M,1.08M,1.09M,1.12M,1.21M,1.34M,1.42M,1.47M,1.51M,1.55M,1.57M,1.58M,1.66M,1.75M,1.84M,1.91M,1.97M,2.03M,2.11M,2.19M,2.23M,2.28M,2.32M,2.37M,2.41M,2.46M,2.51M,2.56M,2.61M,2.66M
Libya,692k,717k,743k,772k,800k,823k,840k,856k,874k,893k,913k,936k,961k,998k,1.04M,1.09M,1.14M,1.2M,1.26M,1.32M,1.38M,1.44M,1.51M,1.58M,1.64M,1.7M,1.75M,1.81M,1.86M,1.92M,1.97M,2.02M,2.07M,2.12M,2.17M,2.22M,2.26M,2.3M,2.34M,2.38M,2.44M,2.52M,2.6M,2.68M,2.77M,2.87M,2.94M,3M,3.06M,3.13M,3.19M,3.04M,2.88M,2.94M,3M,3.05M,3.09M,3.14M,3.19M,3.24M,3.28M,3.33M,3.37M
St. Lucia,47.7k,48.3k,48.8k,49.4k,50k,50.5k,51.1k,51.7k,52.4k,53k,53.7k,54.5k,55.3k,56k,56.8k,57.6k,58.4k,59.4k,60.3k,61.3k,62.3k,63.4k,64.5k,65.5k,66.6k,67.6k,68.6k,69.6k,70.5k,71.3k,72.2k,73.2k,74.2k,75.3k,76.3k,77.2k,78k,78.7k,79.4k,80k,80.7k,81.2k,81.7k,82.3k,82.8k,83.3k,83.8k,84.2k,84.7k,85.1k,85.7k,86.3k,86.8k,87.3k,87.8k,88.2k,88.7k,89.1k,89.6k,90k,90.4k,90.7k,90.9k
Liechtenstein,8450,8620,8810,8990,9190,9400,9620,9860,10.1k,10.4k,10.6k,10.8k,11k,11.2k,11.4k,11.6k,11.8k,12k,12.2k,12.4k,12.6k,12.8k,13k,13.1k,13.3k,13.5k,13.7k,13.9k,14.1k,14.3k,14.5k,14.7k,14.9k,15.1k,15.3k,15.6k,15.8k,16.1k,16.3k,16.5k,16.8k,17k,17.1k,17.3k,17.4k,17.6k,17.7k,17.8k,17.9k,18k,18.2k,18.3k,18.4k,18.6k,18.7k,18.8k,18.9k,19.1k,19.2k,19.4k,19.5k,19.7k,19.8k
Sri Lanka,4.62M,4.75M,4.88M,5.01M,5.14M,5.28M,5.41M,5.56M,5.7M,5.84M,5.98M,6.12M,6.25M,6.39M,6.52M,6.64M,6.77M,6.9M,7.03M,7.17M,7.31M,7.44M,7.57M,7.68M,7.8M,7.92M,8.04M,8.16M,8.28M,8.4M,8.52M,8.64M,8.76M,8.87M,8.97M,9.07M,9.15M,9.23M,9.3M,9.37M,9.43M,9.52M,9.64M,9.76M,9.87M,9.99M,10.1M,10.2M,10.4M,10.5M,10.6M,10.7M,10.8M,10.9M,11M,11M,11.1M,11.1M,11.2M,11.3M,11.4M,11.5M,11.5M
Lesotho,413k,425k,437k,449k,462k,476k,490k,504k,517k,531k,545k,559k,574k,589k,606k,623k,640k,658k,676k,695k,714k,733k,753k,774k,795k,817k,840k,861k,879k,897k,914k,930k,945k,960k,973k,986k,998k,1.01M,1.01M,1.02M,1.02M,1.02M,1.02M,1.02M,1.01M,1.01M,1.01M,1.01M,1.02M,1.02M,1.03M,1.04M,1.05M,1.05M,1.06M,1.08M,1.09M,1.1M,1.11M,1.13M,1.14M,1.16M,1.17M
Lithuania,1.49M,1.51M,1.53M,1.55M,1.57M,1.58M,1.6M,1.62M,1.63M,1.65M,1.66M,1.68M,1.7M,1.72M,1.73M,1.75M,1.76M,1.77M,1.79M,1.8M,1.81M,1.82M,1.83M,1.85M,1.86M,1.88M,1.9M,1.92M,1.94M,1.95M,1.96M,1.96M,1.96M,1.96M,1.94M,1.93M,1.92M,1.91M,1.9M,1.88M,1.87M,1.86M,1.85M,1.84M,1.82M,1.79M,1.76M,1.75M,1.73M,1.71M,1.67M,1.64M,1.61M,1.59M,1.58M,1.56M,1.54M,1.51M,1.5M,1.49M,1.49M,1.49M,1.5M
Luxembourg,159k,160k,163k,164k,166k,168k,170k,170k,171k,172k,173k,174k,176k,178k,180k,183k,184k,184k,185k,185k,186k,187k,187k,188k,188k,188k,189k,190k,191k,193k,195k,197k,199k,202k,205k,208k,211k,213k,215k,218k,221k,224k,226k,229k,232k,235k,239k,242k,246k,250k,255k,260k,266k,272k,278k,284k,290k,297k,302k,308k,313k,318k,323k
Latvia,1.19M,1.2M,1.21M,1.22M,1.24M,1.25M,1.25M,1.26M,1.27M,1.28M,1.28M,1.29M,1.3M,1.31M,1.32M,1.33M,1.34M,1.35M,1.35M,1.36M,1.36M,1.37M,1.37M,1.38M,1.39M,1.39M,1.4M,1.42M,1.43M,1.44M,1.43M,1.43M,1.41M,1.38M,1.36M,1.35M,1.33M,1.32M,1.31M,1.3M,1.29M,1.27M,1.26M,1.25M,1.23M,1.22M,1.21M,1.2M,1.19M,1.17M,1.14M,1.12M,1.11M,1.09M,1.08M,1.07M,1.06M,1.05M,1.04M,1.03M,1.02M,1.01M,1.01M
"Macao, China",88.9k,89.7k,92.9k,96.3k,99.8k,103k,107k,110k,114k,117k,120k,121k,121k,120k,120k,120k,120k,120k,120k,120k,120k,122k,127k,132k,138k,145k,151k,158k,165k,172k,180k,186k,192k,196k,201k,205k,209k,213k,217k,221k,224k,228k,234k,241k,247k,254k,261k,268k,275k,283k,290k,297k,304k,310k,317k,323k,330k,337k,344k,351k,359k,364k,369k
St. Martin (French part),2110,2170,2230,2300,2370,2450,2550,2670,2770,2850,2930,3000,3080,3170,3250,3350,3470,3580,3690,3790,3890,3980,4450,5430,6530,7690,8910,10.2k,11.5k,12.8k,13.7k,14.1k,14.3k,14.5k,14.6k,14.7k,14.8k,14.8k,14.8k,14.8k,15.2k,15.6k,16.1k,16.5k,16.9k,17.4k,17.8k,18.2k,18.6k,19k,19.2k,19.1k,18.9k,18.7k,18.5k,18.4k,18.2k,18.1k,17.8k,17.4k,17.1k,16.8k,16.7k
Morocco,5.89M,6.05M,6.21M,6.37M,6.53M,6.69M,6.87M,7.05M,7.24M,7.43M,7.63M,7.82M,8.03M,8.24M,8.45M,8.67M,8.89M,9.12M,9.35M,9.6M,9.85M,10.1M,10.4M,10.7M,10.9M,11.2M,11.4M,11.7M,11.9M,12.1M,12.3M,12.5M,12.7M,12.9M,13.1M,13.3M,13.5M,13.7M,13.9M,14.1M,14.3M,14.5M,14.6M,14.8M,15M,15.2M,15.4M,15.6M,15.8M,16M,16.2M,16.4M,16.6M,16.8M,17M,17.2M,17.4M,17.6M,17.8M,18M,18.2M,18.4M,18.6M
Monaco,12k,12.1k,12.2k,12.3k,12.5k,12.6k,12.7k,12.7k,12.8k,13k,13.2k,13.4k,13.5k,13.6k,13.7k,13.8k,14k,14.1k,14.3k,14.4k,14.5k,14.6k,14.7k,14.9k,15.1k,15.2k,15.4k,15.5k,15.7k,15.8k,15.9k,16k,16.1k,16.2k,16.3k,16.3k,16.4k,16.5k,16.6k,16.7k,16.7k,16.7k,16.6k,16.6k,16.5k,16.5k,16.4k,16.3k,16.3k,16.6k,17k,17.3k,17.7k,18.1k,18.4k,18.7k,18.9k,18.9k,18.9k,18.9k,18.8k,18.7k,18.6k
Moldova,1.12M,1.15M,1.18M,1.2M,1.22M,1.24M,1.26M,1.28M,1.29M,1.31M,1.32M,1.34M,1.35M,1.36M,1.38M,1.39M,1.4M,1.42M,1.43M,1.44M,1.45M,1.46M,1.48M,1.49M,1.5M,1.52M,1.53M,1.55M,1.56M,1.57M,1.57M,1.58M,1.58M,1.58M,1.57M,1.56M,1.56M,1.55M,1.55M,1.54M,1.54M,1.54M,1.53M,1.53M,1.52M,1.52M,1.52M,1.51M,1.51M,1.5M,1.5M,1.5M,1.5M,1.5M,1.5M,1.49M,1.47M,1.44M,1.42M,1.4M,1.38M,1.37M,1.36M
Madagascar,2.49M,2.55M,2.62M,2.69M,2.77M,2.84M,2.92M,3M,3.09M,3.18M,3.27M,3.37M,3.48M,3.58M,3.7M,3.81M,3.93M,4.05M,4.17M,4.3M,4.42M,4.55M,4.69M,4.82M,4.96M,5.1M,5.25M,5.4M,5.56M,5.72M,5.9M,6.08M,6.27M,6.47M,6.68M,6.89M,7.12M,7.35M,7.59M,7.83M,8.07M,8.31M,8.56M,8.82M,9.08M,9.35M,9.63M,9.92M,10.2M,10.5M,10.8M,11.1M,11.4M,11.8M,12.1M,12.4M,12.7M,13M,13.4M,13.7M,14.1M,14.4M,14.8M
Maldives,41.6k,42.8k,44k,45.3k,46.6k,48.3k,50.3k,52.1k,53.8k,55.4k,57.1k,58.9k,60.8k,62.6k,64.5k,66.6k,68.8k,71k,73.2k,75.3k,77.6k,80k,82.4k,84.8k,87.3k,90.3k,93.8k,97.4k,101k,104k,108k,112k,115k,119k,122k,125k,128k,130k,132k,134k,137k,139k,141k,144k,146k,148k,151k,154k,156k,159k,162k,166k,169k,172k,178k,185k,193k,200k,207k,213k,217k,221k,222k
Mexico,18M,18.6M,19.2M,19.9M,20.6M,21.3M,22M,22.7M,23.5M,24.3M,25M,25.9M,26.7M,27.6M,28.5M,29.4M,30.3M,31.3M,32.3M,33.2M,34.1M,34.9M,35.7M,36.4M,37.2M,37.9M,38.6M,39.3M,40M,40.7M,41.5M,42.4M,43.2M,44.1M,45M,45.8M,46.7M,47.5M,48.3M,49.2M,50M,50.8M,51.5M,52.3M,53.1M,53.8M,54.6M,55.3M,56M,56.7M,57.4M,58.3M,59.1M,59.9M,60.6M,61.3M,62M,62.7M,63.3M,63.9M,64.4M,64.8M,65.3M
Marshall Islands,7500,7740,8000,8270,8560,8860,9180,9560,10.1k,10.7k,11.3k,11.7k,12k,12.3k,12.7k,13.2k,13.6k,14.1k,14.6k,15.1k,15.7k,16.3k,16.9k,17.6k,18.3k,19k,19.8k,20.5k,21.3k,21.9k,22.4k,22.9k,23.4k,23.9k,24.3k,24.7k,25.1k,25.5k,25.9k,26.2k,26.4k,26.5k,26.6k,26.6k,26.5k,26.5k,26.4k,26.4k,26.3k,26.2k,26.1k,25.8k,25.5k,25k,24.6k,24.1k,23.6k,23k,22.5k,21.9k,21.2k,20.6k,20.3k
North Macedonia,729k,738k,745k,751k,759k,768k,777k,786k,797k,808k,819k,830k,841k,852k,864k,876k,888k,901k,914k,928k,941k,955k,966k,974k,981k,987k,992k,997k,1M,1M,1.01M,1M,995k,987k,982k,982k,986k,987k,992k,999k,1.01M,1.01M,1.01M,1.01M,1.02M,1.02M,1.02M,1.02M,1.02M,1.03M,1.03M,1.03M,1.03M,1.03M,1.04M,1.04M,1.04M,1.04M,1.04M,1.04M,1.04M,1.04M,1.03M
Mali,2.64M,2.68M,2.72M,2.76M,2.8M,2.84M,2.88M,2.92M,2.97M,3.01M,3.06M,3.11M,3.16M,3.21M,3.27M,3.33M,3.39M,3.46M,3.53M,3.6M,3.68M,3.76M,3.84M,3.92M,4M,4.08M,4.15M,4.22M,4.29M,4.37M,4.45M,4.54M,4.63M,4.73M,4.83M,4.93M,5.03M,5.14M,5.27M,5.41M,5.57M,5.74M,5.92M,6.11M,6.31M,6.52M,6.74M,6.97M,7.2M,7.44M,7.68M,7.94M,8.17M,8.41M,8.69M,8.96M,9.25M,9.56M,9.87M,10.2M,10.5M,10.8M,11.2M
Malta,170k,169k,168k,167k,167k,166k,164k,162k,160k,159k,158k,158k,157k,157k,157k,157k,158k,158k,159k,161k,162k,163k,166k,168k,168k,170k,173k,174k,176k,177k,179k,184k,186k,188k,189k,190k,191k,193k,194k,195k,196k,198k,199k,201k,202k,203k,204k,205k,206k,208k,209k,209k,210k,213k,216k,220k,224k,229k,236k,244k,248k,249k,251k
Myanmar,10.8M,11.1M,11.3M,11.6M,11.8M,12.1M,12.4M,12.7M,13M,13.3M,13.6M,13.9M,14.2M,14.5M,14.8M,15.1M,15.4M,15.7M,16M,16.4M,16.7M,17M,17.3M,17.7M,18M,18.4M,18.7M,19.1M,19.4M,19.7M,20M,20.3M,20.6M,20.9M,21.1M,21.4M,21.7M,22M,22.2M,22.5M,22.8M,23M,23.3M,23.5M,23.7M,23.9M,24.1M,24.3M,24.4M,24.5M,24.7M,24.9M,25.2M,25.4M,25.6M,25.8M,26M,26.2M,26.4M,26.6M,26.8M,27M,27.2M
Montenegro,251k,257k,262k,267k,271k,274k,273k,271k,268k,266k,265k,267k,270k,273k,277k,281k,284k,286k,288k,290k,293k,296k,299k,303k,306k,308k,309k,309k,309k,309k,309k,309k,311k,312k,313k,313k,313k,313k,312k,312k,311k,313k,314k,316k,316k,316k,316k,317k,317k,317k,318k,318k,318k,318k,319k,319k,319k,319k,319k,319k,318k,318k,316k
Mongolia,492k,507k,523k,538k,552k,567k,583k,599k,616k,632k,648k,665k,683k,702k,722k,743k,764k,786k,808k,829k,849k,870k,892k,914k,937k,962k,987k,1.01M,1.04M,1.07M,1.09M,1.11M,1.12M,1.14M,1.16M,1.17M,1.19M,1.2M,1.21M,1.22M,1.23M,1.24M,1.25M,1.27M,1.28M,1.29M,1.3M,1.31M,1.32M,1.34M,1.36M,1.38M,1.4M,1.43M,1.46M,1.49M,1.52M,1.56M,1.59M,1.63M,1.66M,1.69M,1.71M
Northern Mariana Islands,4340,4480,4620,4760,4930,5100,5270,5340,5160,4890,4950,5460,6120,6740,7110,7280,7430,7570,7710,7840,8360,9430,10.7k,12.1k,13.6k,15.2k,16.8k,18.4k,20k,21.7k,22.7k,23k,23k,23k,23.1k,23.8k,26.6k,30.9k,35.4k,39.8k,42.1k,41.5k,40k,38.4k,36.7k,35k,33.2k,31.4k,29.6k,27.8k,26k,25k,24.8k,24.6k,24.4k,24.2k,23.9k,23.7k,23.4k,23.1k,23k,22.9k,22.9k
Mozambique,3.47M,3.53M,3.59M,3.66M,3.73M,3.81M,3.89M,3.97M,4.05M,4.14M,4.24M,4.34M,4.47M,4.61M,4.76M,4.92M,5.08M,5.27M,5.47M,5.68M,5.83M,5.94M,6.08M,6.21M,6.35M,6.49M,6.61M,6.65M,6.65M,6.72M,6.82M,6.95M,7.08M,7.28M,7.64M,7.98M,8.23M,8.46M,8.67M,8.89M,9.11M,9.35M,9.59M,9.85M,10.1M,10.4M,10.6M,10.9M,11.2M,11.5M,11.8M,12.2M,12.5M,12.9M,13.3M,13.7M,14.1M,14.6M,15M,15.4M,15.9M,16.3M,16.8M
Mauritania,423k,435k,447k,459k,472k,486k,500k,515k,531k,547k,564k,581k,598k,616k,634k,653k,673k,693k,713k,734k,755k,778k,801k,825k,849k,875k,900k,927k,954k,978k,1M,1.03M,1.07M,1.12M,1.16M,1.19M,1.21M,1.24M,1.27M,1.31M,1.35M,1.38M,1.41M,1.45M,1.48M,1.52M,1.55M,1.59M,1.64M,1.69M,1.74M,1.8M,1.86M,1.92M,1.97M,2.02M,2.07M,2.13M,2.18M,2.24M,2.3M,2.35M,2.41M
Mauritius,333k,335k,344k,354k,363k,371k,379k,387k,394k,401k,408k,415k,422k,428k,435k,442k,450k,457k,463k,472k,480k,487k,493k,498k,503k,507k,510k,514k,517k,521k,525k,531k,538k,545k,554k,559k,565k,573k,580k,588k,594k,599k,604k,608k,612k,616k,620k,623k,626k,628k,630k,631k,633k,635k,636k,637k,638k,639k,640k,640k,641k,641k,640k
Malawi,1.88M,1.92M,1.97M,2.02M,2.07M,2.12M,2.17M,2.22M,2.28M,2.33M,2.39M,2.45M,2.51M,2.58M,2.65M,2.72M,2.8M,2.89M,2.99M,3.1M,3.23M,3.35M,3.49M,3.63M,3.77M,3.92M,4.06M,4.26M,4.49M,4.71M,4.9M,5.05M,5.19M,5.27M,5.2M,5.19M,5.29M,5.39M,5.5M,5.62M,5.76M,5.91M,6.07M,6.23M,6.4M,6.59M,6.78M,6.98M,7.18M,7.38M,7.6M,7.81M,8.03M,8.26M,8.49M,8.72M,8.96M,9.2M,9.45M,9.7M,9.96M,10.2M,10.5M
Malaysia,3.84M,3.96M,4.08M,4.21M,4.33M,4.46M,4.59M,4.71M,4.82M,4.94M,5.07M,5.19M,5.31M,5.44M,5.58M,5.72M,5.86M,6.01M,6.18M,6.34M,6.51M,6.68M,6.86M,7.04M,7.24M,7.45M,7.67M,7.91M,8.15M,8.4M,8.64M,8.89M,9.14M,9.4M,9.67M,9.94M,10.2M,10.5M,10.8M,11M,11.3M,11.6M,11.9M,12.1M,12.4M,12.7M,12.9M,13.2M,13.4M,13.7M,13.9M,14.2M,14.4M,14.6M,14.9M,15.1M,15.4M,15.6M,15.8M,16M,16.2M,16.4M,16.6M
Namibia,306k,312k,319k,326k,334k,342k,350k,359k,369k,379k,390k,402k,414k,426k,439k,452k,465k,477k,485k,493k,503k,510k,520k,534k,549k,565k,583k,603k,625k,665k,706k,729k,753k,778k,803k,827k,850k,873k,895k,917k,938k,958k,974k,987k,1000k,1.01M,1.02M,1.04M,1.05M,1.07M,1.08M,1.1M,1.12M,1.14M,1.16M,1.18M,1.2M,1.22M,1.24M,1.27M,1.29M,1.31M,1.33M
New Caledonia,37.1k,38.1k,39.1k,40.2k,41.4k,42.6k,44.1k,45.6k,47.1k,49.3k,53.2k,57k,59.7k,61.2k,62.5k,63.3k,64.1k,65.2k,66.1k,66.8k,67.8k,69.2k,70.9k,72.5k,74k,75.5k,76.9k,78.5k,80.1k,81.7k,83.7k,85.8k,88k,90.3k,92.7k,94.9k,96.7k,98.7k,101k,103k,105k,107k,110k,112k,113k,115k,117k,118k,120k,121k,123k,126k,128k,131k,133k,134k,135k,135k,136k,136k,137k,138k,139k
Niger,1.85M,1.9M,1.95M,2M,2.06M,2.11M,2.17M,2.23M,2.29M,2.35M,2.41M,2.47M,2.53M,2.59M,2.66M,2.73M,2.8M,2.88M,2.96M,3.04M,3.13M,3.23M,3.32M,3.42M,3.52M,3.62M,3.73M,3.83M,3.95M,4.07M,4.19M,4.32M,4.45M,4.59M,4.73M,4.89M,5.05M,5.22M,5.39M,5.58M,5.77M,5.97M,6.17M,6.39M,6.62M,6.85M,7.1M,7.36M,7.64M,7.92M,8.22M,8.53M,8.86M,9.2M,9.55M,9.93M,10.3M,10.7M,11.1M,11.6M,12M,12.4M,12.9M
Nigeria,22.5M,23M,23.5M,24M,24.5M,25M,25.5M,26.1M,26.7M,27.2M,27.8M,28.5M,29.1M,29.8M,30.6M,31.4M,32.3M,33.2M,34.3M,35.3M,36.4M,37.5M,38.6M,39.6M,40.5M,41.6M,42.7M,43.9M,45M,46.2M,47.4M,48.6M,49.9M,51.2M,52.5M,53.8M,55.2M,56.6M,58.1M,59.5M,61.1M,62.7M,64.4M,66.2M,68M,69.8M,71.7M,73.7M,75.7M,77.7M,79.9M,82.1M,84.4M,86.6M,88.9M,91.2M,93.5M,95.8M,98.2M,101M,103M,106M,108M
Nicaragua,898k,925k,953k,982k,1.01M,1.04M,1.08M,1.11M,1.15M,1.18M,1.22M,1.26M,1.3M,1.34M,1.39M,1.43M,1.48M,1.52M,1.57M,1.61M,1.66M,1.71M,1.76M,1.8M,1.85M,1.9M,1.95M,1.99M,2.04M,2.09M,2.14M,2.19M,2.24M,2.29M,2.34M,2.39M,2.43M,2.48M,2.52M,2.56M,2.59M,2.63M,2.67M,2.7M,2.73M,2.77M,2.81M,2.84M,2.89M,2.93M,2.97M,3.01M,3.06M,3.1M,3.15M,3.19M,3.24M,3.29M,3.33M,3.38M,3.43M,3.47M,3.52M
Netherlands,5.76M,5.84M,5.92M,6M,6.08M,6.16M,6.24M,6.31M,6.38M,6.45M,6.53M,6.61M,6.68M,6.74M,6.8M,6.86M,6.92M,6.97M,7.01M,7.07M,7.13M,7.18M,7.22M,7.25M,7.28M,7.32M,7.36M,7.41M,7.46M,7.51M,7.56M,7.62M,7.68M,7.73M,7.78M,7.82M,7.85M,7.89M,7.94M,7.99M,8.05M,8.11M,8.16M,8.2M,8.22M,8.24M,8.26M,8.27M,8.31M,8.35M,8.39M,8.43M,8.46M,8.48M,8.51M,8.54M,8.58M,8.63M,8.68M,8.73M,8.78M,8.82M,8.9M
Curaçao,62.7k,63.5k,64.7k,66k,67.2k,68.4k,69.1k,69.9k,71.1k,72.3k,73.5k,74.9k,75.2k,74.9k,75.7k,76.2k,76.4k,76.6k,76.1k,76k,76.2k,76.6k,77.5k,78.2k,78.7k,79.2k,79.3k,78.8k,77.8k,76.7k,76k,75.6k,75.5k,75.9k,76.2k,76.7k,77.5k,78.1k,77k,74.5k,71.8k,69.3k,69.4k,70.9k,72.2k,74.1k,76.1k,77.7k,78.8k,79.4k,80.6k,81.8k,82.4k,83.1k,84.1k,85.1k,85.9k,86.1k,83.5k,81.4k,80.8k,79.4k,78.1k
Norway,1.8M,1.81M,1.83M,1.84M,1.85M,1.87M,1.88M,1.9M,1.92M,1.93M,1.95M,1.96M,1.98M,1.99M,2M,2.02M,2.03M,2.04M,2.05M,2.05M,2.06M,2.07M,2.08M,2.09M,2.09M,2.1M,2.11M,2.12M,2.13M,2.14M,2.14M,2.15M,2.17M,2.18M,2.19M,2.2M,2.21M,2.23M,2.24M,2.25M,2.27M,2.28M,2.29M,2.3M,2.32M,2.33M,2.35M,2.37M,2.39M,2.42M,2.45M,2.47M,2.5M,2.53M,2.55M,2.58M,2.6M,2.62M,2.64M,2.65M,2.67M,2.68M,2.7M
Nepal,5.07M,5.16M,5.26M,5.36M,5.47M,5.58M,5.69M,5.81M,5.93M,6.06M,6.19M,6.32M,6.45M,6.59M,6.73M,6.87M,7.02M,7.18M,7.34M,7.51M,7.68M,7.86M,8.04M,8.23M,8.42M,8.62M,8.81M,9.01M,9.21M,9.42M,9.65M,9.9M,10.2M,10.5M,10.7M,11M,11.2M,11.5M,11.7M,11.9M,12.2M,12.4M,12.6M,12.8M,13M,13.2M,13.4M,13.5M,13.6M,13.8M,13.9M,14M,14.1M,14.2M,14.3M,14.4M,14.6M,14.8M,15M,15.1M,15.4M,15.7M,15.9M
Nauru,1670,1700,1790,1920,2070,2230,2350,2390,2490,2600,2690,2750,2810,2870,2930,2980,3050,3120,3180,3210,3240,3290,3280,3370,3560,3700,3850,4020,4200,4390,4580,4770,4920,4970,4990,5010,5020,5020,5030,5030,5020,5010,5010,5020,5020,5020,5020,5020,5020,5020,5020,5040,5110,5240,5360,5480,5600,5730,5850,5960,6050,6150,6230
New Zealand,1.18M,1.2M,1.24M,1.26M,1.29M,1.31M,1.33M,1.36M,1.37M,1.39M,1.41M,1.43M,1.45M,1.48M,1.51M,1.54M,1.56M,1.56M,1.57M,1.56M,1.56M,1.57M,1.59M,1.61M,1.63M,1.64M,1.64M,1.66M,1.66M,1.67M,1.69M,1.77M,1.79M,1.81M,1.84M,1.86M,1.89M,1.92M,1.94M,1.95M,1.96M,1.98M,2.01M,2.05M,2.08M,2.11M,2.14M,2.16M,2.18M,2.2M,2.22M,2.24M,2.25M,2.27M,2.3M,2.35M,2.4M,2.45M,2.49M,2.52M,2.57M,2.58M,2.58M
Oman,267k,272k,278k,284k,290k,297k,304k,311k,319k,327k,335k,345k,354k,365k,378k,394k,411k,430k,452k,475k,500k,527k,556k,586k,618k,647k,673k,699k,725k,752k,778k,804k,830k,856k,879k,901k,922k,943k,963k,982k,1M,1.02M,1.04M,1.05M,1.07M,1.08M,1.1M,1.11M,1.12M,1.14M,1.17M,1.23M,1.3M,1.36M,1.42M,1.48M,1.53M,1.58M,1.63M,1.68M,1.72M,1.76M,1.79M
Pakistan,21.2M,21.7M,22.2M,22.8M,23.4M,24M,24.7M,25.4M,26.1M,26.9M,27.7M,28.5M,29.3M,30.2M,31.1M,32.1M,33.1M,34.2M,35.4M,36.7M,38.3M,40.1M,41.9M,43.5M,45M,46.5M,48.3M,50.1M,51.9M,53.7M,55.6M,57.4M,59M,60.5M,62.3M,64.2M,66.2M,68.2M,70.3M,72.3M,74.6M,77M,79M,80.7M,82.6M,84.4M,86.3M,88.2M,90.2M,92.3M,94.5M,96.6M,98.4M,100M,101M,103M,105M,106M,108M,110M,112M,115M,117M
Panama,554k,571k,588k,607k,626k,645k,665k,685k,706k,727k,747k,769k,790k,812k,834k,856k,878k,900k,922k,945k,967k,990k,1.01M,1.04M,1.06M,1.09M,1.11M,1.14M,1.16M,1.19M,1.22M,1.24M,1.27M,1.3M,1.32M,1.35M,1.38M,1.41M,1.44M,1.46M,1.49M,1.52M,1.55M,1.58M,1.61M,1.65M,1.68M,1.71M,1.74M,1.77M,1.81M,1.84M,1.87M,1.91M,1.94M,1.98M,2.01M,2.05M,2.08M,2.11M,2.15M,2.17M,2.2M
Peru,5.06M,5.21M,5.37M,5.53M,5.69M,5.86M,6.03M,6.21M,6.38M,6.57M,6.74M,6.91M,7.1M,7.3M,7.49M,7.69M,7.89M,8.09M,8.3M,8.52M,8.74M,8.96M,9.18M,9.41M,9.65M,9.88M,10.1M,10.4M,10.6M,10.8M,11.1M,11.3M,11.6M,11.8M,12M,12.3M,12.5M,12.7M,12.9M,13.2M,13.4M,13.5M,13.7M,13.8M,14M,14.1M,14.2M,14.3M,14.4M,14.5M,14.7M,14.8M,15M,15.1M,15.3M,15.5M,15.7M,15.9M,16.2M,16.6M,16.8M,17M,17.2M
Philippines,14.1M,14.6M,15M,15.4M,15.9M,16.3M,16.8M,17.3M,17.8M,18.2M,18.7M,19.2M,19.6M,20M,20.5M,20.9M,21.5M,22.1M,22.8M,23.4M,24.1M,24.7M,25.3M,25.9M,26.6M,27.2M,27.9M,28.5M,29.2M,29.8M,30.5M,31.3M,32M,32.7M,33.5M,34.3M,35.1M,36M,36.9M,37.7M,38.6M,39.4M,40.2M,41M,41.8M,42.6M,43.4M,44.2M,45.1M,46M,46.8M,47.6M,48.4M,49.2M,50M,50.8M,51.7M,52.6M,53.5M,54.4M,55.2M,56.1M,56.9M
Palau,4670,4770,4880,4990,5110,5230,5350,5430,5470,5510,5590,5730,5880,6020,6060,6040,6010,5980,5950,5920,5890,5940,6040,6150,6270,6400,6520,6650,6780,6910,7060,7230,7410,7590,7790,7990,8210,8420,8620,8820,8960,9020,9070,9110,9160,9170,9100,9010,8910,8810,8710,8600,8500,8420,8350,8340,8380,8430,8480,8540,8600,8640,8680
Papua New Guinea,934k,959k,982k,1M,1.03M,1.05M,1.07M,1.09M,1.12M,1.14M,1.17M,1.2M,1.23M,1.26M,1.29M,1.31M,1.34M,1.37M,1.4M,1.43M,1.46M,1.49M,1.52M,1.55M,1.58M,1.62M,1.65M,1.69M,1.72M,1.76M,1.81M,1.88M,1.95M,2.03M,2.11M,2.19M,2.27M,2.36M,2.45M,2.54M,2.63M,2.72M,2.82M,2.91M,3.01M,3.11M,3.21M,3.31M,3.42M,3.53M,3.64M,3.74M,3.85M,3.96M,4.07M,4.18M,4.28M,4.39M,4.5M,4.61M,4.71M,4.81M,4.91M
Poland,15.3M,15.5M,15.6M,15.8M,16M,16.2M,16.3M,16.4M,16.6M,16.7M,16.8M,16.8M,17M,17.1M,17.3M,17.4M,17.6M,17.8M,17.9M,18.1M,18.2M,18.4M,18.6M,18.7M,18.9M,19.1M,19.2M,19.3M,19.4M,19.5M,19.5M,19.6M,19.7M,19.7M,19.8M,19.8M,19.9M,19.9M,19.9M,19.9M,19.7M,19.7M,19.7M,19.7M,19.6M,19.6M,19.6M,19.6M,19.7M,19.7M,19.6M,19.6M,19.6M,19.6M,19.6M,19.6M,19.6M,19.6M,19.6M,19.6M,19.6M,19.5M,19.4M
Puerto Rico,1.19M,1.21M,1.24M,1.27M,1.3M,1.32M,1.34M,1.35M,1.36M,1.37M,1.39M,1.41M,1.44M,1.47M,1.5M,1.53M,1.56M,1.58M,1.61M,1.63M,1.65M,1.67M,1.68M,1.7M,1.72M,1.74M,1.75M,1.77M,1.79M,1.81M,1.82M,1.84M,1.85M,1.87M,1.89M,1.91M,1.93M,1.95M,1.96M,1.97M,1.98M,1.98M,1.98M,1.99M,1.99M,1.99M,1.98M,1.97M,1.96M,1.95M,1.94M,1.92M,1.9M,1.88M,1.85M,1.82M,1.78M,1.74M,1.68M,1.68M,1.73M,1.72M,1.7M
North Korea,6.38M,6.5M,6.62M,6.76M,6.91M,7.06M,7.22M,7.4M,7.59M,7.78M,7.96M,8.15M,8.33M,8.5M,8.65M,8.79M,8.91M,9.03M,9.14M,9.26M,9.38M,9.51M,9.63M,9.76M,9.89M,10M,10.2M,10.3M,10.4M,10.6M,10.7M,10.9M,11.1M,11.2M,11.4M,11.5M,11.6M,11.7M,11.8M,11.9M,12M,12.1M,12.1M,12.2M,12.3M,12.3M,12.4M,12.5M,12.5M,12.6M,12.6M,12.7M,12.7M,12.8M,12.8M,12.9M,12.9M,13M,13M,13M,13.1M,13.1M,13.2M
Portugal,4.62M,4.66M,4.69M,4.72M,4.72M,4.7M,4.67M,4.64M,4.63M,4.59M,4.56M,4.54M,4.52M,4.52M,4.58M,4.75M,4.88M,4.92M,4.97M,5.02M,5.07M,5.11M,5.14M,5.16M,5.18M,5.19M,5.2M,5.2M,5.19M,5.18M,5.17M,5.16M,5.16M,5.17M,5.18M,5.2M,5.22M,5.24M,5.26M,5.29M,5.33M,5.36M,5.39M,5.42M,5.44M,5.45M,5.47M,5.48M,5.49M,5.51M,5.52M,5.52M,5.5M,5.48M,5.46M,5.45M,5.43M,5.43M,5.42M,5.43M,5.44M,5.45M,5.48M
Paraguay,955k,978k,1M,1.03M,1.05M,1.08M,1.1M,1.13M,1.16M,1.18M,1.21M,1.24M,1.26M,1.29M,1.32M,1.35M,1.39M,1.42M,1.45M,1.49M,1.53M,1.57M,1.61M,1.65M,1.7M,1.75M,1.8M,1.85M,1.9M,1.95M,2.01M,2.06M,2.11M,2.17M,2.22M,2.28M,2.33M,2.38M,2.43M,2.49M,2.53M,2.58M,2.62M,2.65M,2.68M,2.71M,2.74M,2.77M,2.8M,2.83M,2.86M,2.9M,2.94M,2.98M,3.03M,3.07M,3.12M,3.16M,3.21M,3.25M,3.29M,3.34M,3.38M
Palestine,,,,,,,,,,,,,,,,,,,,,,,,,,,,,,,985k,1.03M,1.08M,1.12M,1.18M,1.23M,1.28M,1.34M,1.38M,1.41M,1.45M,1.49M,1.53M,1.57M,1.62M,1.66M,1.7M,1.75M,1.8M,1.85M,1.9M,1.95M,2M,2.05M,2.1M,2.14M,2.19M,2.24M,2.29M,2.35M,2.41M,2.47M,2.53M
French Polynesia,41.1k,42.2k,43.3k,44.7k,46.3k,47.9k,49.7k,51.5k,53.3k,55.2k,57.1k,59.1k,61.1k,62.9k,64.8k,66.7k,68.6k,70.5k,72.6k,75k,77.6k,80.2k,82.9k,85.3k,87.3k,89.4k,91.6k,93.9k,96.2k,98.6k,101k,103k,105k,107k,109k,111k,113k,115k,117k,119k,121k,123k,126k,128k,130k,132k,134k,135k,137k,138k,139k,139k,140k,141k,142k,143k,144k,145k,147k,148k,149k,150k,151k
Qatar,17.8k,19.3k,21.3k,23.6k,26.2k,29.1k,32.4k,36.1k,40.3k,44.9k,49.2k,53k,56.8k,60.8k,64.8k,68.9k,73.1k,77.3k,81.7k,86.3k,91k,95.8k,101k,106k,111k,116k,121k,127k,132k,138k,144k,149k,155k,160k,166k,171k,177k,184k,193k,202k,212k,222k,233k,244k,255k,269k,287k,311k,340k,377k,416k,453k,490k,528k,563k,597k,640k,680k,712k,751k,755k,735k,741k
Romania,9.46M,9.53M,9.58M,9.64M,9.7M,9.75M,9.84M,10M,10.1M,10.3M,10.4M,10.5M,10.6M,10.7M,10.8M,10.9M,11.1M,11.2M,11.3M,11.3M,11.4M,11.4M,11.5M,11.5M,11.6M,11.6M,11.7M,11.7M,11.8M,11.9M,11.9M,11.8M,11.7M,11.7M,11.7M,11.6M,11.6M,11.6M,11.6M,11.6M,11.6M,11.4M,11.2M,11.1M,11.1M,11M,10.9M,10.8M,10.6M,10.5M,10.4M,10.4M,10.3M,10.3M,10.3M,10.2M,10.2M,10.1M,10M,9.99M,9.94M,9.88M,9.79M
Russia,66.2M,66.8M,67.4M,68M,68.6M,69.3M,69.6M,69.9M,70.2M,70.5M,71M,71.4M,71.8M,72.1M,72.4M,72.8M,73.2M,73.6M,74M,74.5M,74.9M,75.4M,75.7M,76.1M,76.6M,77.1M,77.5M,77.9M,78.3M,78.6M,78.6M,78.8M,78.9M,78.8M,78.9M,78.9M,78.9M,78.8M,78.6M,78.4M,78.1M,77.9M,77.6M,77.3M,77.1M,77M,76.8M,76.8M,76.7M,76.8M,76.8M,76.8M,76.9M,77M,77.2M,77.3M,77.4M,77.4M,77.4M,77.3M,77.1M,76.8M,76.9M
Rwanda,1.5M,1.54M,1.57M,1.61M,1.64M,1.69M,1.73M,1.79M,1.84M,1.9M,1.96M,2.02M,2.08M,2.14M,2.2M,2.26M,2.33M,2.4M,2.47M,2.54M,2.63M,2.73M,2.83M,2.94M,3.04M,3.14M,3.26M,3.38M,3.49M,3.59M,3.68M,3.76M,3.85M,3.98M,3.42M,2.94M,3.46M,3.95M,4.09M,4.14M,4.21M,4.27M,4.36M,4.46M,4.57M,4.68M,4.8M,4.93M,5.06M,5.19M,5.32M,5.45M,5.58M,5.71M,5.84M,5.98M,6.12M,6.27M,6.42M,6.57M,6.72M,6.88M,7.04M
Saudi Arabia,2.05M,2.12M,2.19M,2.27M,2.35M,2.44M,2.53M,2.63M,2.74M,2.85M,2.97M,3.1M,3.25M,3.41M,3.59M,3.75M,3.91M,4.07M,4.24M,4.42M,4.6M,4.79M,4.99M,5.2M,5.42M,5.65M,5.88M,6.12M,6.37M,6.63M,6.89M,7.15M,7.41M,7.65M,7.86M,8.08M,8.31M,8.54M,8.77M,9M,9.23M,9.46M,9.7M,9.93M,10.2M,10.5M,10.9M,11.3M,11.7M,12.2M,12.5M,12.9M,13.2M,13.5M,13.8M,14M,14.1M,14.4M,14.7M,15M,15.1M,15.2M,15.4M
Sudan,4.14M,4.26M,4.39M,4.53M,4.68M,4.83M,4.99M,5.14M,5.3M,5.47M,5.64M,5.83M,6.03M,6.23M,6.46M,6.72M,6.99M,7.27M,7.56M,7.87M,8.2M,8.54M,8.89M,9.19M,9.41M,9.58M,9.75M,9.92M,10M,10.2M,10.4M,10.5M,10.7M,10.9M,11.2M,11.5M,11.8M,12.1M,12.4M,12.7M,13.1M,13.4M,13.7M,14M,14.4M,14.7M,15.1M,15.6M,16M,16.5M,16.9M,17.2M,17.6M,18M,18.5M,19.1M,19.7M,20.3M,21M,21.6M,22.2M,22.8M,23.5M
Senegal,1.64M,1.68M,1.73M,1.78M,1.82M,1.87M,1.93M,1.98M,2.04M,2.1M,2.16M,2.22M,2.28M,2.35M,2.42M,2.49M,2.55M,2.62M,2.69M,2.76M,2.84M,2.92M,3M,3.08M,3.17M,3.27M,3.37M,3.47M,3.57M,3.68M,3.79M,3.9M,4.01M,4.13M,4.24M,4.35M,4.46M,4.57M,4.69M,4.8M,4.92M,5.04M,5.16M,5.29M,5.43M,5.57M,5.72M,5.87M,6.03M,6.2M,6.37M,6.55M,6.73M,6.92M,7.11M,7.31M,7.51M,7.71M,7.93M,8.14M,8.36M,8.58M,8.8M
Singapore,818k,841k,862k,882k,902k,923k,944k,963k,978k,991k,1.01M,1.03M,1.05M,1.07M,1.08M,1.1M,1.12M,1.13M,1.15M,1.17M,1.18M,1.24M,1.3M,1.32M,1.34M,1.35M,1.35M,1.38M,1.41M,1.46M,1.52M,1.56M,1.61M,1.64M,1.69M,1.74M,1.81M,1.87M,1.93M,1.94M,1.97M,2.03M,2.05M,2.03M,2.06M,2.11M,2.17M,2.24M,2.35M,2.41M,2.44M,2.48M,2.54M,2.58M,2.61M,2.64M,2.68M,2.68M,2.69M,2.72M,2.71M,2.6M,2.69M
Solomon Islands,62.4k,64k,65.6k,67.3k,69.1k,70.9k,72.8k,74.7k,76.8k,78.8k,80.7k,82.8k,85k,87.4k,90k,92.8k,96k,99.4k,103k,107k,111k,115k,119k,123k,127k,132k,137k,141k,146k,151k,156k,160k,165k,170k,176k,181k,186k,192k,197k,202k,208k,213k,218k,224k,229k,234k,240k,245k,251k,257k,263k,270k,277k,284k,292k,299k,307k,314k,322k,330k,338k,346k,354k
Sierra Leone,1.17M,1.19M,1.21M,1.24M,1.26M,1.28M,1.31M,1.33M,1.36M,1.39M,1.41M,1.44M,1.47M,1.49M,1.52M,1.55M,1.58M,1.61M,1.64M,1.67M,1.71M,1.74M,1.78M,1.81M,1.85M,1.9M,1.94M,1.99M,2.05M,2.1M,2.18M,2.21M,2.17M,2.16M,2.17M,2.18M,2.19M,2.22M,2.24M,2.25M,2.31M,2.44M,2.59M,2.69M,2.78M,2.85M,2.91M,2.98M,3.05M,3.13M,3.22M,3.31M,3.39M,3.48M,3.57M,3.65M,3.74M,3.83M,3.92M,4.02M,4.11M,4.2M,4.29M
El Salvador,1.4M,1.44M,1.48M,1.52M,1.56M,1.6M,1.64M,1.68M,1.72M,1.76M,1.81M,1.85M,1.9M,1.95M,2M,2.04M,2.09M,2.14M,2.19M,2.23M,2.28M,2.31M,2.34M,2.39M,2.45M,2.5M,2.55M,2.6M,2.66M,2.71M,2.76M,2.81M,2.86M,2.9M,2.94M,2.97M,3M,3.02M,3.05M,3.07M,3.09M,3.11M,3.12M,3.13M,3.14M,3.14M,3.15M,3.15M,3.17M,3.18M,3.19M,3.2M,3.22M,3.23M,3.24M,3.25M,3.27M,3.28M,3.28M,3.29M,3.3M,3.31M,3.32M
San Marino,7680,7850,8010,8170,8340,8500,8640,8790,8970,9020,8890,8920,9130,9380,9610,9800,10000,10.2k,10.4k,10.5k,10.7k,10.8k,10.9k,11k,11.1k,11.2k,11.3k,11.4k,11.5k,11.6k,11.8k,12k,12.2k,12.4k,12.6k,12.8k,13k,13.1k,13.3k,13.5k,13.7k,14k,14.3k,14.6k,14.8k,15k,15.3k,15.5k,15.6k,15.8k,16.1k,16.7k,17k,17.1k,17.1k,17.2k,17.4k,17.5k,17.5k,17.5k,17.4k,17.3k,17.3k
Somalia,1.44M,1.48M,1.52M,1.56M,1.6M,1.64M,1.68M,1.73M,1.77M,1.82M,1.86M,1.91M,1.96M,2.01M,2.07M,2.12M,2.17M,2.23M,2.39M,2.71M,2.95M,2.97M,2.98M,3.07M,3.18M,3.31M,3.45M,3.57M,3.58M,3.52M,3.51M,3.38M,3.23M,3.32M,3.49M,3.62M,3.74M,3.87M,4.03M,4.2M,4.36M,4.54M,4.7M,4.88M,5.05M,5.23M,5.38M,5.55M,5.71M,5.85M,6M,6.09M,6.21M,6.41M,6.64M,6.86M,7.13M,7.41M,7.69M,7.97M,8.25M,8.51M,8.78M
Serbia,3.46M,3.48M,3.49M,3.5M,3.52M,3.53M,3.55M,3.57M,3.58M,3.6M,3.61M,3.63M,3.65M,3.67M,3.68M,3.7M,3.72M,3.74M,3.76M,3.78M,3.79M,3.81M,3.83M,3.85M,3.86M,3.86M,3.88M,3.89M,3.9M,3.9M,3.91M,3.91M,3.94M,3.97M,3.99M,3.93M,3.93M,3.92M,3.91M,3.9M,3.89M,3.88M,3.88M,3.87M,3.87M,3.85M,3.84M,3.83M,3.81M,3.8M,3.79M,3.76M,3.74M,3.72M,3.71M,3.69M,3.67M,3.65M,3.63M,3.61M,3.59M,3.56M,3.52M
South Sudan,1.46M,1.49M,1.51M,1.54M,1.57M,1.6M,1.63M,1.65M,1.68M,1.7M,1.73M,1.76M,1.8M,1.83M,1.88M,1.92M,1.96M,2.01M,2.05M,2.1M,2.15M,2.2M,2.25M,2.3M,2.35M,2.41M,2.46M,2.5M,2.47M,2.41M,2.44M,2.5M,2.55M,2.59M,2.65M,2.73M,2.8M,2.88M,2.94M,3.02M,3.15M,3.29M,3.43M,3.58M,3.74M,3.91M,4.09M,4.28M,4.48M,4.68M,4.92M,5.19M,5.41M,5.61M,5.67M,5.66M,5.59M,5.39M,5.26M,5.28M,5.36M,5.43M,5.51M
Sao Tome and Principe,29.7k,30.2k,31k,31.8k,32.5k,33.1k,33.9k,34.7k,35.5k,36.4k,37.4k,38.3k,39.2k,40.1k,41.1k,42.1k,43.2k,44.4k,45.6k,46.9k,48.1k,49.2k,50.2k,51.2k,52.2k,53.4k,54.6k,56k,57.5k,59k,60.5k,61.9k,63.2k,64.5k,65.7k,66.9k,68k,69.1k,70.2k,71.2k,72.1k,73.4k,75.1k,77.1k,79k,81k,83.1k,85.1k,87.2k,89.3k,91.3k,93.2k,95.1k,97k,98.9k,101k,102k,104k,106k,107k,110k,112k,114k
Suriname,134k,139k,144k,149k,154k,159k,165k,170k,176k,182k,188k,193k,196k,196k,195k,194k,193k,192k,190k,188k,188k,188k,189k,190k,192k,194k,197k,199k,202k,205k,207k,209k,211k,212k,214k,218k,222k,226k,230k,234k,238k,242k,246k,249k,253k,256k,259k,262k,265k,269k,272k,275k,278k,281k,284k,287k,291k,294k,297k,301k,304k,308k,310k
Slovak Republic,2.06M,2.12M,2.14M,2.16M,2.19M,2.21M,2.23M,2.25M,2.27M,2.29M,2.3M,2.31M,2.33M,2.35M,2.38M,2.4M,2.43M,2.46M,2.48M,2.51M,2.53M,2.55M,2.57M,2.59M,2.61M,2.63M,2.65M,2.67M,2.68M,2.7M,2.71M,2.72M,2.72M,2.73M,2.74M,2.75M,2.76M,2.76M,2.77M,2.77M,2.77M,2.77M,2.76M,2.76M,2.76M,2.76M,2.76M,2.76M,2.76M,2.77M,2.77M,2.77M,2.77M,2.78M,2.78M,2.78M,2.78M,2.79M,2.79M,2.79M,2.79M,2.79M,2.78M
Slovenia,833k,837k,841k,846k,853k,861k,871k,880k,887k,890k,895k,902k,908k,916k,920k,929k,943k,954k,964k,974k,983k,986k,988k,994k,999k,1M,1.02M,1.03M,1.03M,1.03M,1.03M,1.03M,1.03M,1.03M,1.03M,1.03M,1.02M,1.02M,1.02M,1.02M,1.02M,1.02M,1.02M,1.02M,1.02M,1.02M,1.02M,1.03M,1.03M,1.03M,1.04M,1.04M,1.04M,1.04M,1.04M,1.04M,1.04M,1.04M,1.04M,1.04M,1.05M,1.05M,1.05M
Sweden,3.75M,3.77M,3.79M,3.81M,3.84M,3.87M,3.91M,3.94M,3.96M,3.99M,4.03M,4.06M,4.07M,4.08M,4.1M,4.12M,4.13M,4.15M,4.17M,4.18M,4.19M,4.2M,4.2M,4.21M,4.21M,4.22M,4.23M,4.25M,4.27M,4.3M,4.33M,4.36M,4.39M,4.41M,4.44M,4.47M,4.47M,4.48M,4.48M,4.48M,4.49M,4.5M,4.51M,4.52M,4.54M,4.55M,4.57M,4.6M,4.64M,4.67M,4.71M,4.74M,4.77M,4.8M,4.85M,4.89M,4.95M,5.01M,5.06M,5.11M,5.14M,5.17M,5.2M
Eswatini,178k,182k,187k,191k,196k,201k,207k,212k,218k,224k,231k,238k,245k,252k,260k,268k,277k,285k,295k,304k,314k,324k,333k,344k,355k,367k,381k,395k,413k,428k,442k,460k,478k,492k,492k,492k,502k,512k,520k,528k,534k,540k,545k,549k,553k,556k,559k,563k,565k,566k,566k,568k,569k,571k,573k,576k,579k,583k,586k,590k,595k,600k,606k
Sint Maarten (Dutch part),1390,1500,1630,1780,1940,2110,2290,2480,2690,2900,3130,3360,3600,3870,4170,4480,4810,5140,5490,5850,6210,6660,7300,8040,8820,9610,10.4k,11.3k,12.2k,13.1k,14k,15k,15.8k,16.1k,16k,16k,15.9k,15.9k,15.9k,15.9k,15.6k,15.7k,15.8k,16.2k,16.8k,17.1k,17.4k,17.6k,17.8k,18k,17.9k,17.6k,17.4k,17.6k,18k,18.4k,18.8k,19.1k,19.2k,19.5k,19.7k,19.9k,20.2k
Seychelles,21k,21.6k,22.1k,22.6k,23.2k,23.7k,24.3k,24.9k,25.4k,26k,26.6k,27.1k,27.7k,28.1k,28.7k,29.3k,29.9k,30.6k,30.9k,31.2k,31.5k,31.9k,32.1k,32.1k,32.3k,32.6k,32.9k,34.4k,34.5k,34.6k,34.8k,35.2k,35.3k,36k,37k,37.7k,38.3k,38.7k,39.3k,40.1k,40.3k,40.3k,41.5k,40.9k,40.7k,40.7k,41.5k,41.6k,42.4k,42.4k,43.5k,42.2k,42.5k,43.1k,43.7k,44.6k,45.1k,45.6k,45.9k,46.3k,46.6k,47k,47.4k
Syria,2.24M,2.31M,2.39M,2.46M,2.54M,2.62M,2.71M,2.8M,2.89M,2.99M,3.09M,3.2M,3.32M,3.43M,3.55M,3.68M,3.81M,3.94M,4.08M,4.22M,4.37M,4.52M,4.68M,4.84M,5.01M,5.19M,5.37M,5.56M,5.74M,5.93M,6.11M,6.3M,6.49M,6.68M,6.87M,7.06M,7.26M,7.46M,7.65M,7.85M,8.06M,8.27M,8.48M,8.71M,8.94M,9.19M,9.61M,10.2M,10.6M,10.8M,11.1M,11.3M,11.2M,10.7M,9.96M,9.54M,9.43M,9.45M,9.64M,10M,10.4M,10.6M,11M
Turks and Caicos Islands,3080,3070,3060,3040,3030,3010,3000,2990,2970,2960,2950,2980,3050,3130,3210,3300,3410,3510,3620,3730,3850,4010,4190,4360,4530,4710,4890,5060,5240,5420,5640,5950,6290,6640,6990,7340,7690,8040,8400,8770,9130,9540,10k,10.6k,11.2k,11.7k,12.3k,12.9k,13.5k,14k,14.6k,15.2k,15.8k,16.6k,17.3k,18k,18.9k,19.7k,20.5k,21.3k,22k,22.4k,22.7k
Chad,1.53M,1.56M,1.59M,1.62M,1.66M,1.69M,1.72M,1.75M,1.79M,1.82M,1.86M,1.9M,1.94M,1.98M,2.03M,2.07M,2.11M,2.15M,2.18M,2.23M,2.23M,2.23M,2.34M,2.46M,2.49M,2.52M,2.59M,2.68M,2.78M,2.87M,2.95M,3.06M,3.19M,3.26M,3.33M,3.47M,3.63M,3.75M,3.88M,4.01M,4.15M,4.28M,4.43M,4.61M,4.81M,5.01M,5.18M,5.36M,5.54M,5.74M,5.94M,6.15M,6.36M,6.59M,6.83M,7.05M,7.27M,7.52M,7.77M,8.03M,8.29M,8.56M,8.83M
Togo,837k,851k,865k,880k,898k,922k,954k,991k,1.03M,1.07M,1.11M,1.15M,1.18M,1.21M,1.24M,1.27M,1.3M,1.33M,1.36M,1.39M,1.43M,1.47M,1.52M,1.57M,1.63M,1.68M,1.73M,1.78M,1.84M,1.89M,1.95M,2.01M,2.07M,2.05M,2.06M,2.15M,2.23M,2.31M,2.37M,2.44M,2.51M,2.58M,2.65M,2.72M,2.79M,2.86M,2.94M,3.02M,3.11M,3.2M,3.28M,3.37M,3.46M,3.54M,3.63M,3.72M,3.81M,3.91M,4M,4.1M,4.2M,4.3M,4.4M
Thailand,13.3M,13.7M,14.1M,14.5M,15M,15.4M,15.9M,16.4M,16.8M,17.3M,17.8M,18.3M,18.8M,19.4M,19.9M,20.4M,20.9M,21.3M,21.8M,22.3M,22.8M,23.3M,23.8M,24.3M,24.8M,25.3M,25.7M,26.2M,26.7M,27.1M,27.6M,28.1M,28.6M,29M,29.5M,30M,30.4M,30.8M,31.3M,31.7M,32M,32.3M,32.6M,32.9M,33.2M,33.4M,33.7M,34M,34.2M,34.5M,34.8M,35M,35.3M,35.5M,35.7M,35.9M,36.1M,36.3M,36.5M,36.6M,36.7M,36.8M,36.9M
Tajikistan,1.09M,1.13M,1.17M,1.21M,1.25M,1.29M,1.33M,1.38M,1.42M,1.47M,1.52M,1.56M,1.61M,1.66M,1.71M,1.76M,1.81M,1.87M,1.92M,1.98M,2.04M,2.09M,2.15M,2.21M,2.27M,2.34M,2.42M,2.51M,2.6M,2.68M,2.76M,2.82M,2.87M,2.9M,2.95M,3M,3.06M,3.1M,3.13M,3.15M,3.19M,3.26M,3.32M,3.38M,3.44M,3.5M,3.56M,3.62M,3.68M,3.75M,3.82M,3.89M,3.97M,4.06M,4.15M,4.24M,4.34M,4.44M,4.54M,4.64M,4.74M,4.84M,4.94M
Turkmenistan,821k,849k,879k,909k,939k,970k,1M,1.03M,1.06M,1.09M,1.12M,1.15M,1.19M,1.22M,1.25M,1.28M,1.32M,1.35M,1.38M,1.42M,1.45M,1.49M,1.53M,1.57M,1.61M,1.65M,1.7M,1.75M,1.8M,1.85M,1.9M,1.95M,2M,2.05M,2.1M,2.15M,2.19M,2.22M,2.25M,2.29M,2.32M,2.35M,2.38M,2.41M,2.44M,2.48M,2.51M,2.55M,2.58M,2.62M,2.67M,2.71M,2.76M,2.81M,2.86M,2.91M,2.96M,3.01M,3.06M,3.11M,3.15M,3.2M,3.24M
Timor-Leste,233k,237k,240k,244k,248k,253k,257k,262k,266k,271k,276k,281k,286k,291k,295k,299k,302k,305k,308k,310k,312k,315k,319k,322k,326k,331k,337k,343k,349k,356k,363k,370k,376k,382k,388k,395k,401k,408k,414k,420k,427k,435k,443k,452k,461k,473k,485k,497k,508k,519k,530k,543k,556k,568k,580k,591k,600k,609k,618k,627k,637k,647k,657k
Tonga,32.9k,33.8k,34.7k,35.7k,36.7k,37.7k,38.7k,39.6k,40.5k,41.3k,42k,42.8k,43.5k,44.2k,44.9k,45.6k,46.3k,46.8k,47k,47.2k,47.4k,47.5k,47.6k,47.7k,47.8k,47.9k,48k,48.2k,48.4k,48.6k,48.7k,48.8k,48.9k,49k,49k,49.1k,49.2k,49.4k,49.8k,50.1k,50.5k,50.8k,51.1k,51.4k,51.7k,52k,52.3k,52.6k,52.9k,53.1k,53.3k,53.5k,53.6k,53.5k,53.4k,53.2k,53.1k,53k,53k,53k,53.2k,53.6k,54k
Trinidad and Tobago,422k,431k,440k,449k,458k,466k,475k,482k,490k,496k,502k,507k,514k,520k,527k,534k,540k,547k,555k,562k,570k,577k,585k,592k,598k,606k,614k,622k,628k,634k,639k,644k,649k,653k,657k,660k,663k,665k,668k,670k,673k,676k,680k,684k,688k,692k,696k,701k,705k,709k,714k,719k,725k,730k,735k,741k,746k,751k,761k,768k,769k,773k,776k
Tunisia,2.09M,2.1M,2.13M,2.15M,2.17M,2.21M,2.25M,2.31M,2.38M,2.44M,2.51M,2.58M,2.65M,2.72M,2.8M,2.88M,2.96M,3.04M,3.11M,3.19M,3.27M,3.35M,3.43M,3.52M,3.61M,3.71M,3.81M,3.91M,4.01M,4.1M,4.19M,4.28M,4.37M,4.46M,4.54M,4.62M,4.69M,4.75M,4.82M,4.88M,4.93M,4.99M,5.04M,5.1M,5.15M,5.2M,5.25M,5.31M,5.36M,5.41M,5.47M,5.54M,5.62M,5.68M,5.75M,5.82M,5.89M,5.96M,6.02M,6.09M,6.15M,6.21M,6.26M
Turkey,13.5M,13.9M,14.2M,14.6M,15M,15.4M,15.8M,16.3M,16.7M,17.1M,17.6M,17.9M,18.3M,18.6M,19M,19.3M,19.8M,20.3M,20.8M,21.2M,21.7M,22.2M,22.7M,23.2M,23.8M,24.3M,24.8M,25.4M,25.9M,26.4M,26.9M,27.4M,27.9M,28.4M,28.9M,29.4M,29.9M,30.4M,30.9M,31.4M,31.9M,32.3M,32.8M,33.2M,33.7M,34.2M,34.6M,35.1M,35.5M,35.9M,36.4M,36.9M,37.5M,38.1M,38.9M,39.7M,40.4M,40.9M,41.3M,41.6M,42M,42.3M,42.6M
Tuvalu,2770,2790,2810,2810,2840,2890,2940,3010,3070,3110,3130,3160,3170,3200,3280,3430,3600,3760,3920,4050,4140,4210,4260,4300,4340,4390,4470,4540,4620,4700,4770,4850,4890,4910,4910,4910,4910,4910,4900,4890,4870,4850,4820,4840,4880,4920,4970,5010,5050,5090,5150,5200,5260,5280,5270,5260,5240,5230,5250,5300,5370,5450,5510
Tanzania,5.1M,5.25M,5.4M,5.56M,5.72M,5.89M,6.07M,6.25M,6.45M,6.66M,6.89M,7.12M,7.37M,7.63M,7.91M,8.19M,8.49M,8.8M,9.11M,9.42M,9.73M,10.1M,10.4M,10.7M,11.1M,11.4M,11.8M,12.2M,12.5M,12.9M,13.2M,13.6M,14M,14.4M,14.9M,15.4M,15.7M,16.1M,16.5M,16.9M,17.4M,17.9M,18.4M,18.9M,19.4M,20M,20.6M,21.1M,21.7M,22.3M,22.9M,23.6M,24.3M,25M,25.8M,26.7M,27.6M,28.5M,29.4M,30.3M,31.2M,32.2M,33.1M
Uganda,3.77M,3.88M,4M,4.13M,4.26M,4.4M,4.54M,4.69M,4.85M,5.01M,5.17M,5.33M,5.47M,5.61M,5.76M,5.92M,6.08M,6.25M,6.43M,6.59M,6.74M,6.89M,7.07M,7.26M,7.47M,7.69M,7.93M,8.19M,8.45M,8.73M,9.01M,9.31M,9.63M,9.96M,10.3M,10.6M,10.9M,11.2M,11.5M,11.9M,12.3M,12.6M,13M,13.4M,13.8M,14.2M,14.6M,15.1M,15.5M,16M,16.4M,16.9M,17.4M,17.9M,18.4M,19M,19.6M,20.3M,21M,21.7M,22.4M,23.2M,23.8M
Ukraine,23.7M,24M,24.3M,24.5M,24.8M,25M,25.2M,25.4M,25.6M,25.8M,25.9M,26.1M,26.3M,26.4M,26.5M,26.7M,26.8M,26.9M,27M,27M,27.1M,27.2M,27.3M,27.4M,27.4M,27.5M,27.6M,27.7M,27.8M,27.9M,27.9M,27.9M,28M,28M,27.8M,27.6M,27.4M,27.1M,26.9M,26.7M,26.4M,26.1M,25.9M,25.7M,25.5M,25.4M,25.2M,25.1M,24.9M,24.8M,24.7M,24.6M,24.5M,24.5M,24.3M,24.3M,24.2M,24.1M,23.9M,23.8M,23.7M,23.5M,20.6M
Uruguay,1.26M,1.28M,1.3M,1.31M,1.33M,1.34M,1.36M,1.37M,1.38M,1.39M,1.4M,1.41M,1.42M,1.43M,1.44M,1.46M,1.47M,1.48M,1.49M,1.5M,1.5M,1.51M,1.52M,1.53M,1.53M,1.54M,1.55M,1.56M,1.57M,1.59M,1.6M,1.61M,1.62M,1.63M,1.64M,1.65M,1.66M,1.67M,1.68M,1.69M,1.7M,1.7M,1.71M,1.71M,1.72M,1.72M,1.72M,1.72M,1.73M,1.73M,1.74M,1.74M,1.74M,1.75M,1.75M,1.76M,1.76M,1.77M,1.77M,1.77M,1.77M,1.77M,1.76M
USA,91.1M,92.7M,94.3M,95.8M,97.2M,98.6M,100M,101M,102M,104M,105M,106M,107M,108M,109M,110M,112M,113M,114M,115M,116M,118M,119M,120M,121M,122M,123M,124M,125M,126M,127M,129M,131M,132M,134M,136M,137M,139M,140M,142M,143M,145M,146M,147M,149M,150M,151M,153M,154M,156M,157M,158M,159M,160M,161M,162M,163M,164M,165M,166M,167M,168M,168M
Uzbekistan,4.32M,4.47M,4.65M,4.82M,5M,5.19M,5.37M,5.56M,5.74M,5.93M,6.11M,6.29M,6.47M,6.65M,6.84M,7.03M,7.24M,7.44M,7.65M,7.85M,8.04M,8.22M,8.42M,8.62M,8.83M,9.06M,9.3M,9.55M,9.81M,10M,10.2M,10.5M,10.7M,10.9M,11.2M,11.4M,11.6M,11.8M,12M,12.1M,12.3M,12.5M,12.6M,12.8M,12.9M,13.1M,13.3M,13.5M,13.7M,13.9M,14.3M,14.7M,14.9M,15.1M,15.4M,15.6M,15.9M,16.2M,16.5M,16.8M,17.1M,17.4M,17.8M
St. Vincent and the Grenadines,44.2k,44.9k,45.5k,46k,46.6k,47.2k,47.8k,48.3k,48.9k,49.4k,49.9k,50.4k,50.8k,51.2k,51.6k,51.9k,52.1k,52.4k,52.6k,52.8k,52.9k,53.2k,53.6k,54k,54.3k,54.7k,54.9k,55.1k,55.3k,55.5k,55.6k,55.7k,55.9k,56k,56.1k,56.2k,56.2k,56.1k,56k,55.9k,55.8k,55.7k,55.6k,55.4k,55.1k,54.8k,54.5k,54.1k,53.9k,53.6k,53.3k,53k,52.7k,52.4k,52.1k,51.9k,51.7k,51.5k,51.4k,51.3k,51.2k,51.1k,51k
Venezuela,4.04M,4.19M,4.34M,4.49M,4.65M,4.81M,4.97M,5.14M,5.3M,5.47M,5.65M,5.82M,6M,6.18M,6.37M,6.56M,6.76M,6.96M,7.16M,7.37M,7.58M,7.8M,8.01M,8.23M,8.45M,8.68M,8.91M,9.14M,9.38M,9.61M,9.85M,10.1M,10.3M,10.6M,10.8M,11M,11.3M,11.5M,11.7M,12M,12.2M,12.4M,12.6M,12.9M,13.1M,13.3M,13.6M,13.8M,14M,14.2M,14.4M,14.6M,14.8M,15M,15.2M,15.3M,15.5M,15.4M,15M,14.6M,14.4M,14.2M,14.3M
British Virgin Islands,3950,3950,3920,3890,3870,3870,3890,3960,4080,4280,4510,4630,4690,4760,4840,4920,5010,5090,5180,5270,5400,5580,5790,6000,6210,6420,6640,6870,7090,7340,7600,7840,8030,8210,8400,8600,8810,9040,9280,9520,9780,10.1k,10.4k,10.8k,11.3k,11.7k,12.2k,12.7k,13.2k,13.7k,14k,14.2k,14.5k,14.6k,14.8k,15.1k,15.3k,15.5k,15.7k,15.8k,16k,16.1k,16.2k
Virgin Islands (U.S.),16.1k,16.8k,17.2k,19.6k,20.1k,21.5k,22.9k,24.4k,27.8k,30.2k,31.8k,35.6k,38.5k,42.7k,45.8k,48.4k,49.4k,48.1k,49.7k,50k,51.9k,52k,52k,52.1k,52.2k,52.2k,52.2k,52.1k,52.1k,52k,53.5k,53.9k,54.5k,55k,55.4k,55.8k,56k,56.3k,56.5k,56.6k,56.8k,56.7k,56.7k,56.7k,56.6k,56.6k,56.5k,56.5k,56.5k,56.5k,56.6k,56.5k,56.5k,56.5k,56.5k,56.5k,56.5k,56.5k,56.5k,56.5k,56.4k,56.4k,56.3k
Vietnam,16.6M,17.1M,17.5M,18.1M,18.6M,19M,19.5M,20M,20.4M,20.9M,21.4M,21.9M,22.4M,23M,23.5M,24M,24.6M,25.3M,25.9M,26.5M,27.2M,27.8M,28.5M,29.2M,29.9M,30.6M,31.4M,32.1M,32.8M,33.5M,34.3M,35M,35.7M,36.4M,37.1M,37.7M,38.3M,38.9M,39.4M,39.9M,40.3M,40.7M,41.1M,41.5M,41.9M,42.3M,42.7M,43.1M,43.5M,43.9M,44.4M,44.8M,45.3M,45.8M,46.2M,46.7M,47.2M,47.6M,48.1M,48.5M,48.9M,49.3M,49.7M
Vanuatu,29.8k,30.7k,31.7k,32.7k,33.8k,34.9k,36.1k,37.3k,38.5k,39.9k,41.3k,42.8k,44.3k,46k,47.7k,49.4k,51.2k,53.1k,54.6k,55.2k,55.8k,57.3k,58.9k,60.5k,62.3k,64k,65.8k,67.7k,69.6k,71.6k,73.5k,75.4k,77.4k,79.4k,81.4k,83.5k,85.5k,87.6k,89.7k,91.9k,94.2k,96.8k,99.4k,102k,105k,107k,110k,113k,116k,118k,121k,124k,127k,131k,134k,137k,141k,144k,148k,151k,155k,159k,162k
Samoa,54.9k,56.6k,58.2k,59.7k,61.2k,62.7k,64.2k,65.5k,66.7k,67.8k,69k,70.1k,71.2k,72.3k,73.5k,74.9k,76.2k,77.3k,78.1k,78.8k,79.5k,80.1k,80.2k,79.9k,79.5k,79.1k,78.7k,78.8k,79.2k,79.5k,79.7k,80.1k,80.7k,81.5k,82.5k,83.4k,84.4k,85.4k,86.4k,87.3k,88.3k,89.1k,89.8k,90.3k,90.7k,91.1k,91.6k,92.3k,93k,93.8k,94.6k,95.5k,96.5k,97.4k,98.4k,99.4k,100k,102k,103k,104k,105k,107k,109k
Yemen,2.78M,2.83M,2.89M,2.94M,3.01M,3.07M,3.14M,3.21M,3.29M,3.37M,3.45M,3.54M,3.64M,3.74M,3.84M,3.96M,4.07M,4.2M,4.33M,4.47M,4.62M,4.78M,4.95M,5.13M,5.32M,5.52M,5.73M,5.95M,6.19M,6.42M,6.67M,6.92M,7.19M,7.46M,7.74M,8.01M,8.25M,8.5M,8.74M,8.99M,9.24M,9.49M,9.74M,10M,10.3M,10.5M,10.9M,11.2M,11.5M,11.9M,12.2M,12.6M,13M,13.3M,13.7M,14.1M,14.5M,14.8M,15.2M,15.6M,16M,16.3M,16.7M
South Africa,8.02M,8.26M,8.53M,8.81M,9.11M,9.41M,9.73M,10.1M,10.4M,10.7M,11.1M,11.4M,11.7M,12M,12.3M,12.6M,12.9M,13.2M,13.5M,13.9M,14.2M,14.6M,15.1M,15.7M,16.4M,17.2M,18M,18.6M,19.2M,19.9M,20.5M,21M,21.5M,22M,22.5M,23M,23.5M,23.9M,24.1M,24.4M,24.6M,24.8M,25M,25.2M,25.4M,25.6M,25.8M,26M,26.3M,26.6M,26.9M,27.2M,27.5M,27.8M,28.2M,28.7M,29M,29.2M,29.5M,29.9M,30.2M,30.5M,30.7M
Zambia,1.57M,1.63M,1.68M,1.73M,1.79M,1.85M,1.91M,1.97M,2.04M,2.11M,2.17M,2.24M,2.3M,2.37M,2.45M,2.52M,2.6M,2.68M,2.77M,2.86M,2.94M,3.04M,3.14M,3.24M,3.34M,3.45M,3.55M,3.66M,3.76M,3.87M,3.97M,4.08M,4.18M,4.29M,4.4M,4.51M,4.62M,4.74M,4.87M,4.99M,5.13M,5.28M,5.43M,5.59M,5.76M,5.95M,6.14M,6.35M,6.57M,6.79M,7.03M,7.26M,7.5M,7.74M,7.99M,8.25M,8.51M,8.77M,9.04M,9.31M,9.59M,9.86M,10.1M
Zimbabwe,1.92M,1.98M,2.05M,2.11M,2.18M,2.25M,2.32M,2.4M,2.48M,2.56M,2.64M,2.73M,2.82M,2.92M,3.02M,3.13M,3.23M,3.34M,3.44M,3.54M,3.68M,3.83M,3.98M,4.13M,4.29M,4.44M,4.59M,4.76M,4.94M,5.1M,5.25M,5.39M,5.54M,5.64M,5.69M,5.77M,5.86M,5.96M,6.06M,6.15M,6.21M,6.26M,6.3M,6.35M,6.41M,6.45M,6.51M,6.58M,6.64M,6.71M,6.81M,6.91M,7.04M,7.19M,7.35M,7.5M,7.66M,7.81M,7.97M,8.12M,8.28M,8.45M,8.61M
